AC,brasileia,1
AC,cruzeiro do sul,3
AC,epitaciolandia,1
AC,manoel urbano,1
AC,porto acre,1
AC,rio branco,68
AC,senador guiomard,2
AC,xapuri,2
AL,agua branca,1
AL,anadia,2
AL,arapiraca,28
AL,atalaia,1
AL,barra de santo antonio,2
AL,barra de sao miguel,2
AL,batalha,3
AL,belem,3
AL,boca da mata,2
AL,cacimbinhas,1
AL,cajueiro,1
AL,campo alegre,2
AL,canapi,1
AL,coite do noia,1
AL,colonia leopoldina,2
AL,coruripe,3
AL,delmiro gouveia,4
AL,dois riachos,1
AL,feliz deserto,2
AL,girau do ponciano,1
AL,ibateguara,2
AL,igaci,2
AL,igreja nova,2
AL,inhapi,2
AL,jequia da praia,2
AL,junqueiro,2
AL,lagoa da canoa,1
AL,luziapolis,1
AL,maceio,244
AL,mar vermelho,2
AL,maragogi,5
AL,maravilha,2
AL,marechal deodoro,1
AL,maribondo,1
AL,mata grande,2
AL,matriz de camaragibe,1
AL,monteiropolis,1
AL,murici,1
AL,novo lino,1
AL,olho d'agua das flores,3
AL,palmeira dos indios,8
AL,paripueira,1
AL,passo de camaragibe,1
AL,pau d'arco,1
AL,paulo jacinto,2
AL,penedo,8
AL,piacabucu,2
AL,pilar,3
AL,pindoba,2
AL,porto calvo,2
AL,porto de pedras,1
AL,rio largo,6
AL,santa luzia do norte,1
AL,santana do ipanema,1
AL,santana do mundau,3
AL,sao bras,1
AL,sao jose da laje,2
AL,sao jose da tapera,1
AL,sao luis do quitunde,2
AL,sao miguel dos campos,2
AL,sao sebastiao,1
AL,satuba,2
AL,tanque d'arca,2
AL,taquarana,1
AL,teotonio vilela,8
AL,traipu,1
AL,vicosa,1
AM,coari,1
AM,humaita,4
AM,itacoatiara,1
AM,manaus,138
AM,urucurituba,2
AP,laranjal do jari,2
AP,macapa,54
AP,oiapoque,1
AP,porto grande,1
AP,santana,9
AP,vitoria do jari,1
BA,abaira,2
BA,abare,2
BA,abrantes,2
BA,acajutiba,1
BA,adustina,1
BA,alagoinhas,40
BA,alcobaca,3
BA,amargosa,1
BA,amelia rodrigues,3
BA,america dourada,1
BA,anage,1
BA,andarai,1
BA,andorinha,5
BA,angical,1
BA,anguera,1
BA,antonio cardoso,2
BA,antonio goncalves,1
BA,apora,1
BA,apuarema,1
BA,aracatu,1
BA,araci,3
BA,aramari,2
BA,arataca,1
BA,arembepe,2
BA,aribice,1
BA,arraial d ajuda,1
BA,arraial d'ajuda,8
BA,baianopolis,2
BA,baixa grande,1
BA,banzae,1
BA,barra,2
BA,barra da estiva,7
BA,barra do choca,3
BA,barra do mendes,3
BA,barra do tarrachil,3
BA,barreiras,52
BA,barro alto,2
BA,barro preto,1
BA,barrocas,1
BA,belmonte,1
BA,belo campo,3
BA,biritinga,1
BA,bom jesus da lapa,8
BA,bom jesus da serra,2
BA,boninal,2
BA,bonito,2
BA,boquira,1
BA,botupora,1
BA,brejoes,1
BA,brejolandia,1
BA,brotas de macaubas,1
BA,brumado,21
BA,buerarema,4
BA,buritirama,2
BA,cabaceiras do paraguacu,1
BA,cachoeira,4
BA,cacule,3
BA,caem,1
BA,caetite,10
BA,cairu,1
BA,caldas do jorro,1
BA,caldeirao grande,3
BA,camacan,6
BA,camacari,58
BA,camamu,9
BA,campo alegre de lourdes,1
BA,campo formoso,10
BA,canapolis,1
BA,canarana,1
BA,canavieiras,6
BA,candeal,1
BA,candeias,12
BA,candido sales,3
BA,cansancao,7
BA,canudos,1
BA,capela do alto alegre,1
BA,capim grosso,5
BA,caraibas,1
BA,caravelas,3
BA,carinhanha,2
BA,carnaiba do sertao,1
BA,casa nova,6
BA,castro alves,2
BA,catu,10
BA,catu de abrantes,2
BA,caturama,2
BA,central,1
BA,chorrocho,1
BA,cicero dantas,10
BA,cipo,1
BA,coaraci,4
BA,cocos,1
BA,conceicao da feira,2
BA,conceicao do almeida,1
BA,conceicao do coite,9
BA,conceicao do jacuipe,3
BA,conde,2
BA,condeuba,1
BA,coracao de maria,1
BA,cordeiros,1
BA,coribe,8
BA,coronel joao sa,3
BA,correntina,2
BA,cotegipe,1
BA,cravolandia,1
BA,crisopolis,4
BA,cristopolis,1
BA,cruz das almas,18
BA,curaca,3
BA,dario meira,2
BA,dias d avila,1
BA,dias d'avila,24
BA,dom basilio,3
BA,dom macedo costa,1
BA,elisio medrado,2
BA,entre rios,6
BA,erico cardoso,1
BA,esplanada,5
BA,euclides da cunha,5
BA,eunapolis,38
BA,fatima,2
BA,feira de santana,184
BA,filadelfia,1
BA,formosa do rio preto,3
BA,gandu,3
BA,gentio do ouro,1
BA,gongogi,1
BA,governador mangabeira,1
BA,guanambi,37
BA,guaratinga,2
BA,heliopolis,1
BA,humildes,1
BA,iacu,4
BA,ibiajara,1
BA,ibiassuce,2
BA,ibicarai,5
BA,ibicoara,3
BA,ibipeba,1
BA,ibipitanga,2
BA,ibiraja,2
BA,ibirapua,1
BA,ibirataia,2
BA,ibitiara,1
BA,ibitira,1
BA,ibitita,1
BA,ibotirama,7
BA,ichu,2
BA,igapora,1
BA,igrapiuna,1
BA,iguai,2
BA,ilheus,70
BA,inhambupe,7
BA,ipecaeta,1
BA,ipiau,8
BA,ipira,7
BA,ipupiara,1
BA,iramaia,2
BA,iraquara,5
BA,irara,2
BA,irece,13
BA,itabatan,2
BA,itabela,4
BA,itaberaba,10
BA,itabuna,61
BA,itacare,8
BA,itagi,2
BA,itagiba,2
BA,itagimirim,1
BA,itaguacu da bahia,1
BA,itaju do colonia,1
BA,itajuipe,3
BA,itamaraju,12
BA,itamari,3
BA,itambe,3
BA,itamira,2
BA,itanhem,1
BA,itaparica,1
BA,itape,1
BA,itapetinga,17
BA,itapicuru,2
BA,itapitanga,3
BA,itarantim,3
BA,itatim,3
BA,itirucu,3
BA,itiuba,4
BA,itororo,2
BA,ituacu,3
BA,itubera,3
BA,jacaraci,4
BA,jacobina,22
BA,jacuipe,1
BA,jaguaquara,2
BA,jandaira,1
BA,jaua,1
BA,jequie,34
BA,jeremoabo,6
BA,jiquirica,1
BA,joao dourado,1
BA,juazeiro,44
BA,jucurucu,2
BA,jussari,2
BA,jussiape,1
BA,lagoa real,1
BA,lamarao,1
BA,lauro de freitas,73
BA,lencois,1
BA,livramento de nossa senhora,5
BA,luis eduardo magalhaes,36
BA,macaubas,9
BA,madre de deus,6
BA,maiquinique,1
BA,mairi,2
BA,mansidao,1
BA,maracas,5
BA,maragogipe,2
BA,mascote,2
BA,mata de sao joao,12
BA,medeiros neto,7
BA,miguel calmon,5
BA,milagres,2
BA,monte gordo,2
BA,monte santo,1
BA,morpara,2
BA,morro de sao paulo,1
BA,morro do chapeu,7
BA,mucuge,1
BA,mucuri,7
BA,mundo novo,1
BA,muquem do sao francisco,2
BA,muritiba,1
BA,mutuipe,4
BA,nazare,3
BA,nova canaa,2
BA,nova fatima,1
BA,nova redencao,1
BA,nova soure,3
BA,nova vicosa,1
BA,nucleo residencial pilar,7
BA,olindina,3
BA,oliveira dos brejinhos,2
BA,palmeiras,2
BA,paramirim,4
BA,paripiranga,2
BA,pau brasil,1
BA,paulo afonso,39
BA,pedrao,1
BA,piata,2
BA,pilao arcado,4
BA,pindai,2
BA,pindobacu,3
BA,pintadas,2
BA,pirai do norte,1
BA,piripa,2
BA,piritiba,6
BA,planaltino,1
BA,planalto,1
BA,pocoes,2
BA,pojuca,13
BA,ponto novo,1
BA,porto seguro,40
BA,posto da mata,3
BA,potiragua,7
BA,prado,5
BA,presidente dutra,3
BA,presidente janio quadros,1
BA,presidente tancredo neves,4
BA,queimadas,4
BA,quijingue,2
BA,quixabeira,3
BA,remanso,5
BA,retirolandia,1
BA,riachao das neves,2
BA,riachao do jacuipe,5
BA,riacho de santana,4
BA,ribeira do amparo,1
BA,ribeira do pombal,8
BA,rio de contas,3
BA,rio do antonio,2
BA,rio do pires,4
BA,rio real,3
BA,rodelas,3
BA,ruy barbosa,7
BA,salinas da margarida,1
BA,salobro,1
BA,salvador,1219
BA,santa brigida,1
BA,santa cruz cabralia,5
BA,santa ines,3
BA,santa maria da vitoria,13
BA,santa teresinha,2
BA,santaluz,3
BA,santana,3
BA,santana do sobrado,1
BA,santo amaro,10
BA,santo antonio de jesus,30
BA,santo estevao,5
BA,sao desiderio,1
BA,sao domingos,3
BA,sao felipe,2
BA,sao felix,1
BA,sao felix do coribe,1
BA,sao francisco do conde,3
BA,sao jose da vitoria,2
BA,sao miguel das matas,1
BA,sao sebastiao do passe,5
BA,sapeacu,2
BA,satiro dias,1
BA,saubara,1
BA,saude,2
BA,seabra,6
BA,senhor do bonfim,19
BA,sento se,1
BA,serra do ramalho,4
BA,serra dourada,2
BA,serrinha,14
BA,serrolandia,3
BA,simoes filho,21
BA,sitio do quinto,2
BA,sobradinho,5
BA,tabocas do brejo velho,3
BA,taboquinhas,1
BA,tanhacu,4
BA,tanque novo,3
BA,tapiramuta,2
BA,teixeira de freitas,29
BA,teodoro sampaio,1
BA,teofilandia,3
BA,teolandia,4
BA,trancoso,6
BA,tucano,7
BA,uaua,4
BA,ubaira,6
BA,ubaitaba,4
BA,ubata,1
BA,uibai,3
BA,umburanas,1
BA,una,5
BA,urandi,2
BA,urucuca,2
BA,utinga,5
BA,valenca,34
BA,valente,9
BA,varzea do poco,1
BA,varzea nova,1
BA,varzedo,1
BA,vera cruz,7
BA,vereda,2
BA,vitoria da conquista,90
BA,wagner,1
BA,wanderley,2
BA,wenceslau guimaraes,1
BA,xique-xique,3
CE,abaiara,2
CE,acarau,7
CE,acopiara,7
CE,aiuaba,1
CE,altaneira,2
CE,alto santo,3
CE,amanari,1
CE,amontada,1
CE,antonina do norte,1
CE,apuiares,2
CE,aquiraz,2
CE,aracati,22
CE,aracoiaba,3
CE,araripe,2
CE,aratuba,2
CE,arneiroz,2
CE,assare,1
CE,aurora,3
CE,banabuiu,1
CE,barbalha,6
CE,barreira,1
CE,barro,4
CE,baturite,3
CE,beberibe,3
CE,bela cruz,4
CE,boa viagem,3
CE,brejo santo,10
CE,camocim,8
CE,campos sales,4
CE,caninde,6
CE,capistrano,1
CE,caridade,1
CE,carire,3
CE,caririacu,2
CE,carius,3
CE,carnaubal,2
CE,cascavel,5
CE,catarina,3
CE,caucaia,35
CE,cedro,1
CE,chaval,1
CE,chorozinho,1
CE,coreau,1
CE,crateus,9
CE,crato,19
CE,croata,1
CE,cruz,7
CE,deputado irapuan pinheiro,2
CE,dourado,1
CE,erere,1
CE,eusebio,13
CE,flores,1
CE,forquilha,4
CE,fortaleza,642
CE,fortim,1
CE,frecheirinha,1
CE,granja,5
CE,groairas,1
CE,guaiuba,2
CE,guaraciaba do norte,4
CE,guassusse,1
CE,hidrolandia,7
CE,horizonte,5
CE,ibiapina,3
CE,ibicuitinga,1
CE,icapui,5
CE,ico,8
CE,iguatu,14
CE,independencia,1
CE,ipaporanga,2
CE,ipaumirim,1
CE,ipu,4
CE,ipueiras,3
CE,iracema,2
CE,iraucuba,2
CE,itaicaba,1
CE,itaitinga,4
CE,itapage,1
CE,itapaje,6
CE,itapipoca,11
CE,itapiuna,2
CE,itarema,1
CE,jaguaribara,1
CE,jaguaribe,5
CE,jaguaruana,4
CE,jardim,2
CE,jijoca de jericoacoara,4
CE,juazeiro do norte,34
CE,jucas,1
CE,lages,1
CE,lagoa do mato,1
CE,lavras da mangabeira,2
CE,limoeiro do norte,12
CE,madalena,1
CE,maracanau,33
CE,maranguape,3
CE,marco,2
CE,massape,2
CE,mauriti,1
CE,meruoca,2
CE,milagres,2
CE,milha,2
CE,miraima,2
CE,missao velha,1
CE,missi,1
CE,mombaca,1
CE,monsenhor tabosa,3
CE,morada nova,9
CE,morrinhos,4
CE,mucambo,1
CE,nova olinda,3
CE,nova russas,7
CE,novo oriente,3
CE,ocara,2
CE,oros,2
CE,pacajus,6
CE,pacatuba,5
CE,pacoti,2
CE,pacuja,1
CE,palhano,1
CE,paracuru,4
CE,paraipaba,5
CE,parambu,4
CE,pedra branca,2
CE,penaforte,2
CE,pentecoste,2
CE,pereiro,3
CE,pindoretama,1
CE,pires ferreira,1
CE,porteiras,1
CE,potengi,2
CE,quixada,12
CE,quixelo,2
CE,quixeramobim,6
CE,quixere,3
CE,redencao,4
CE,reriutaba,3
CE,russas,9
CE,saboeiro,1
CE,santa quiteria,5
CE,santana do acarau,4
CE,santana do cariri,3
CE,sao benedito,4
CE,sao goncalo do amarante,5
CE,sao luis do curu,2
CE,senador pompeu,4
CE,sobral,33
CE,solonopole,2
CE,sucesso,3
CE,tabuleiro do norte,1
CE,taperuaba,1
CE,taua,10
CE,tiangua,9
CE,trairi,2
CE,tururu,1
CE,ubajara,3
CE,uruburetama,1
CE,uruoca,2
CE,varjota,3
CE,varzea alegre,2
CE,vicosa do ceara,1
DF,brasilia,2086
DF,ceilandia,1
DF,guara,2
DF,sobradinho,1
DF,taguatinga,4
ES,afonso claudio,11
ES,agua doce do norte,4
ES,aguia branca,2
ES,alegre,16
ES,alfredo chaves,7
ES,alto rio novo,2
ES,anchieta,14
ES,angelo frechiani,1
ES,apiaca,6
ES,arace,4
ES,aracruz,38
ES,araguaia,1
ES,atilio vivacqua,1
ES,baixo guandu,8
ES,barra de sao francisco,10
ES,boa esperanca,7
ES,bom jesus do norte,4
ES,braco do rio,2
ES,brejetuba,1
ES,cachoeiro de itapemirim,117
ES,cariacica,136
ES,castelo,18
ES,celina,2
ES,colatina,65
ES,conceicao da barra,3
ES,conceicao do castelo,5
ES,divino de sao lourenco,1
ES,domingos martins,9
ES,dores do rio preto,4
ES,ecoporanga,8
ES,fundao,5
ES,governador lindenberg,2
ES,guacui,16
ES,guarapari,67
ES,ibatiba,9
ES,ibiracu,1
ES,iconha,5
ES,irupi,2
ES,itaguacu,7
ES,itaipava,4
ES,itaoca,2
ES,itapemirim,4
ES,itarana,3
ES,iuna,2
ES,jacigua,2
ES,jaguare,14
ES,jeronimo monteiro,2
ES,joao neiva,8
ES,laranja da terra,1
ES,linhares,65
ES,mantenopolis,4
ES,marataizes,16
ES,marechal floriano,5
ES,marilandia,8
ES,mimoso do sul,10
ES,montanha,10
ES,mucurici,1
ES,muniz freire,2
ES,muqui,4
ES,nova venecia,19
ES,novo brasil,1
ES,pacotuba,1
ES,pancas,1
ES,paraju,1
ES,pedro canario,5
ES,piacu,1
ES,pinheiros,8
ES,piuma,17
ES,ponto belo,1
ES,praia grande,1
ES,presidente kennedy,2
ES,quilometro 14 do mutum,1
ES,rio bananal,4
ES,rio novo do sul,6
ES,santa leopoldina,1
ES,santa maria de jetiba,15
ES,santa teresa,8
ES,santo antonio do canaa,1
ES,sao domingos do norte,7
ES,sao gabriel da palha,13
ES,sao joao de petropolis,1
ES,sao joao do sobrado,1
ES,sao jose do calcado,6
ES,sao mateus,47
ES,sao roque do canaa,5
ES,serra,285
ES,sooretama,5
ES,vargem alta,5
ES,vargem grande do soturno,1
ES,venda nova do imigrante,15
ES,viana,21
ES,vila nelita,2
ES,vila valerio,8
ES,vila velha,331
ES,vitoria,373
GO,abadiania,1
GO,acreuna,7
GO,agua fria de goias,1
GO,agua limpa,1
GO,aguas lindas de goias,23
GO,alexania,5
GO,alto horizonte,2
GO,alto paraiso de goias,9
GO,alvorada do norte,3
GO,americano do brasil,3
GO,anapolis,110
GO,anicuns,8
GO,aparecida de goiania,109
GO,apore,1
GO,aragarcas,3
GO,aragoiania,1
GO,araguapaz,2
GO,arenopolis,1
GO,aruana,2
GO,aurilandia,1
GO,barro alto,1
GO,bela vista de goias,7
GO,bom jardim de goias,1
GO,bom jesus,8
GO,bonfinopolis,2
GO,brazabrantes,2
GO,britania,1
GO,buriti alegre,1
GO,cabeceiras,1
GO,cachoeira alta,6
GO,cachoeira dourada,2
GO,cacu,8
GO,caiaponia,4
GO,caldas novas,36
GO,campinacu,1
GO,campinorte,7
GO,campo alegre de goias,2
GO,campos belos,7
GO,campos verdes,1
GO,carmo do rio verde,2
GO,castelandia,4
GO,catalao,34
GO,cavalcante,2
GO,ceres,7
GO,cezarina,1
GO,chapadao do ceu,7
GO,cidade ocidental,8
GO,cocalzinho de goias,1
GO,corumba de goias,2
GO,corumbaiba,4
GO,cristalina,8
GO,crixas,8
GO,crominia,1
GO,cumari,2
GO,damianopolis,2
GO,diorama,2
GO,divinopolis de goias,1
GO,domiciano ribeiro,2
GO,doverlandia,2
GO,edeia,4
GO,fazenda nova,4
GO,firminopolis,7
GO,flores de goias,1
GO,formosa,34
GO,formoso,1
GO,goianapolis,4
GO,goiandira,1
GO,goianesia,18
GO,goiania,667
GO,goianira,8
GO,goias,8
GO,goiatuba,10
GO,guapo,5
GO,hidrolandia,1
GO,hidrolina,2
GO,iaciara,4
GO,inaciolandia,3
GO,indiara,4
GO,inhumas,15
GO,ipameri,13
GO,ipiranga de goias,1
GO,ipora,14
GO,itaberai,6
GO,itaguacu,2
GO,itaguari,1
GO,itaguaru,2
GO,itaja,3
GO,itapaci,4
GO,itapirapua,2
GO,itapuranga,7
GO,itumbiara,36
GO,jandaia,1
GO,jaragua,6
GO,jardim abc de goias,1
GO,jatai,52
GO,jaupaci,1
GO,jesupolis,2
GO,joviania,5
GO,jussara,3
GO,leopoldo de bulhoes,1
GO,luziania,33
GO,mambai,2
GO,mara rosa,2
GO,matrincha,2
GO,maurilandia,3
GO,mimoso de goias,1
GO,minacu,11
GO,mineiros,25
GO,montividiu do norte,1
GO,morrinhos,14
GO,morro agudo de goias,1
GO,mossamedes,1
GO,mozarlandia,7
GO,mundo novo,2
GO,mutunopolis,1
GO,nazario,2
GO,neropolis,7
GO,niquelandia,14
GO,nova america,1
GO,nova aurora,1
GO,nova crixas,1
GO,nova roma,1
GO,nova veneza,4
GO,novo gama,14
GO,novo planalto,1
GO,orizona,6
GO,ouro verde de goias,1
GO,ouvidor,1
GO,padre bernardo,4
GO,palmeiras de goias,3
GO,palminopolis,1
GO,paranaiguara,3
GO,parauna,4
GO,piracanjuba,9
GO,piranhas,4
GO,pirenopolis,4
GO,pires do rio,12
GO,planaltina,10
GO,planaltina de goias,2
GO,pontalina,2
GO,porangatu,13
GO,portelandia,2
GO,posse,15
GO,quirinopolis,13
GO,rianapolis,4
GO,rio verde,60
GO,rubiataba,7
GO,sanclerlandia,4
GO,santa cruz de goias,2
GO,santa fe de goias,4
GO,santa helena de goias,9
GO,santa rita do araguaia,7
GO,santo antonio de goias,1
GO,santo antonio do descoberto,5
GO,sao joao d'alianca,3
GO,sao joao da parauna,1
GO,sao luis de montes belos,7
GO,sao luiz do norte,1
GO,sao miguel do araguaia,4
GO,sao patricio,1
GO,sao simao,4
GO,senador canedo,16
GO,serranopolis,3
GO,silvania,7
GO,simolandia,2
GO,teresina de goias,1
GO,trindade,23
GO,trombas,1
GO,turvania,2
GO,uruacu,17
GO,uruana,3
GO,urutai,3
GO,valparaiso de goias,37
GO,vianopolis,2
GO,vicentinopolis,2
MA,acailandia,7
MA,alcantara,1
MA,alto alegre do maranhao,1
MA,alto alegre do pindare,1
MA,alto parnaiba,5
MA,amapa do maranhao,1
MA,araguana,1
MA,arame,1
MA,arari,2
MA,bacabal,11
MA,bacuri,2
MA,balsas,17
MA,barra do corda,7
MA,barreirinhas,4
MA,bela vista do maranhao,1
MA,benedito leite,1
MA,bequimao,1
MA,boa vista do gurupi,2
MA,bom jardim,1
MA,bom jesus das selvas,2
MA,brejo,1
MA,buriti,1
MA,buriticupu,5
MA,cajapio,1
MA,cajari,1
MA,campestre do maranhao,2
MA,candido mendes,1
MA,cantanhede,1
MA,capinzal do norte,2
MA,carolina,2
MA,carutapera,2
MA,caxias,15
MA,cedral,3
MA,centro novo do maranhao,1
MA,chapadinha,3
MA,cidelandia,1
MA,codo,7
MA,coelho neto,3
MA,colinas,3
MA,coroata,9
MA,cururupu,3
MA,dom pedro,3
MA,esperantinopolis,3
MA,estreito,3
MA,formosa da serra negra,1
MA,fortuna,3
MA,goncalves dias,1
MA,governador eugenio barros,1
MA,grajau,5
MA,guimaraes,1
MA,humberto de campos,1
MA,icatu,1
MA,imperatriz,40
MA,itapecuru mirim,4
MA,jatoba,1
MA,joao lisboa,4
MA,joselandia,1
MA,lago da pedra,5
MA,lago verde,1
MA,loreto,1
MA,magalhaes de almeida,1
MA,maioba,3
MA,maracacume,4
MA,maranhaozinho,1
MA,mata roma,2
MA,matoes,1
MA,matoes do norte,2
MA,miranda do norte,1
MA,mirinzal,3
MA,moncao,1
MA,nova olinda do maranhao,4
MA,olho d'agua das cunhas,2
MA,paco do lumiar,7
MA,paraibano,2
MA,parnarama,1
MA,passagem franca,1
MA,pastos bons,2
MA,paulino neves,1
MA,pedreiras,3
MA,pindare mirim,3
MA,pinheiro,4
MA,pio xii,1
MA,pocao de pedras,1
MA,porto franco,2
MA,presidente dutra,12
MA,presidente juscelino,1
MA,presidente medici,1
MA,rosario,1
MA,sambaiba,1
MA,santa helena,3
MA,santa ines,12
MA,santa luzia,2
MA,santa luzia do parua,1
MA,santa quiteria do maranhao,1
MA,santa rita,1
MA,sao benedito do rio preto,1
MA,sao bento,2
MA,sao bernardo,3
MA,sao domingos do maranhao,2
MA,sao francisco do brejao,1
MA,sao joao batista,1
MA,sao joao do paraiso,1
MA,sao joao dos patos,6
MA,sao jose de ribamar,14
MA,sao luis,346
MA,sao mateus do maranhao,3
MA,sao pedro da agua branca,1
MA,sao vicente ferrer,1
MA,satubinha,2
MA,senador la rocque,1
MA,sitio novo,1
MA,sucupira do norte,2
MA,timon,14
MA,tutoia,2
MA,urbano santos,5
MA,vargem grande,1
MA,viana,5
MA,vitoria do mearim,2
MA,vitorino freire,3
MA,ze doca,5
MG,abadia dos dourados,3
MG,abaete,11
MG,abre campo,5
MG,acaiaca,2
MG,acucena,1
MG,agua comprida,2
MG,aguas formosas,5
MG,aguas vermelhas,3
MG,aimores,10
MG,aiuruoca,4
MG,alagoa,1
MG,alem paraiba,28
MG,alexandrita,1
MG,alfenas,41
MG,alfredo vasconcelos,3
MG,almenara,14
MG,alpercata,2
MG,alpinopolis,7
MG,alterosa,3
MG,alto caparao,2
MG,alto jequitiba,3
MG,alto rio doce,4
MG,alvarenga,2
MG,alvinopolis,11
MG,amparo da serra,1
MG,andradas,12
MG,andrelandia,3
MG,andrequice,1
MG,angustura,1
MG,antonio carlos,1
MG,antonio pereira,2
MG,antonio prado de minas,3
MG,antunes,1
MG,aracitaba,2
MG,aracuai,9
MG,araguari,54
MG,arantina,1
MG,araponga,2
MG,arapora,5
MG,arapua,1
MG,araujos,5
MG,araxa,74
MG,arceburgo,7
MG,arcos,25
MG,areado,6
MG,arinos,8
MG,astolfo dutra,11
MG,ataleia,2
MG,azurita,3
MG,baependi,8
MG,baguari,1
MG,baldim,2
MG,bambui,18
MG,bandeira,3
MG,bandeira do sul,2
MG,barao de cocais,18
MG,barbacena,80
MG,barra longa,1
MG,barroso,11
MG,bela vista de minas,1
MG,belo horizonte,2701
MG,belo oriente,5
MG,belo vale,3
MG,berilo,1
MG,berizal,1
MG,bertopolis,1
MG,betim,199
MG,bias fortes,2
MG,bicas,7
MG,boa esperanca,11
MG,bocaiuva,12
MG,bom despacho,38
MG,bom jardim de minas,8
MG,bom jesus da penha,2
MG,bom jesus do amparo,1
MG,bom jesus do galho,4
MG,bom repouso,4
MG,bom sucesso,4
MG,bonfim,3
MG,bonfinopolis de minas,1
MG,bonito de minas,1
MG,borda da mata,6
MG,botelhos,8
MG,bras pires,2
MG,brasilandia de minas,1
MG,brasilia de minas,9
MG,brasopolis,1
MG,braunas,1
MG,brazopolis,5
MG,brejo bonito,1
MG,brumadinho,26
MG,bueno brandao,4
MG,buenopolis,5
MG,bugre,1
MG,buritis,14
MG,buritizeiro,9
MG,cabeceira grande,3
MG,cabo verde,2
MG,cachoeira da prata,2
MG,cachoeira de minas,7
MG,cachoeira de pajeu,3
MG,cachoeira do brumado,1
MG,cachoeira do campo,2
MG,cachoeira dourada,1
MG,caetanopolis,8
MG,caete,27
MG,caiana,3
MG,cajuri,1
MG,caldas,5
MG,camacho,1
MG,camanducaia,9
MG,cambui,22
MG,cambuquira,5
MG,campanario,1
MG,campanha,7
MG,campestre,3
MG,campina verde,10
MG,campo alegre de minas,1
MG,campo azul,1
MG,campo belo,21
MG,campo do meio,4
MG,campo florido,1
MG,campos altos,5
MG,campos gerais,5
MG,canaa,1
MG,canapolis,5
MG,candeias,10
MG,cantagalo,2
MG,caparao,1
MG,capela nova,1
MG,capelinha,19
MG,capetinga,2
MG,capim branco,2
MG,capinopolis,11
MG,capitao andrade,1
MG,capitao eneas,1
MG,capitolio,5
MG,caputira,2
MG,carai,6
MG,carandai,10
MG,carangola,26
MG,caratinga,60
MG,carbonita,4
MG,careacu,2
MG,carlos chagas,2
MG,carmesia,1
MG,carmo da cachoeira,4
MG,carmo da mata,6
MG,carmo de minas,3
MG,carmo do cajuru,10
MG,carmo do paranaiba,16
MG,carmo do rio claro,9
MG,carmopolis de minas,5
MG,carneirinho,3
MG,carrancas,3
MG,carvalhopolis,3
MG,cascalho rico,1
MG,cassia,6
MG,cataguases,33
MG,catas altas,5
MG,caxambu,17
MG,cedro do abaete,1
MG,central de santa helena,1
MG,centralina,1
MG,chacara,2
MG,chale,2
MG,chapada do norte,2
MG,chapada gaucha,4
MG,chaveslandia,2
MG,claraval,1
MG,claro dos pocoes,1
MG,claudio,22
MG,cocais,1
MG,coimbra,1
MG,coluna,3
MG,comercinho,1
MG,conceicao da aparecida,5
MG,conceicao da ibitipoca,1
MG,conceicao das alagoas,3
MG,conceicao das pedras,4
MG,conceicao do formoso,1
MG,conceicao do mato dentro,12
MG,conceicao do para,3
MG,conceicao do rio verde,5
MG,conceicao dos ouros,4
MG,confins,1
MG,congonhal,4
MG,congonhas,30
MG,conquista,6
MG,conselheiro lafaiete,83
MG,conselheiro pena,15
MG,contagem,415
MG,coracao de jesus,3
MG,corinto,11
MG,coroaci,2
MG,coromandel,25
MG,coronel fabriciano,41
MG,coronel murta,1
MG,coronel pacheco,1
MG,corrego danta,1
MG,corrego fundo,1
MG,crisolita,2
MG,cristais,3
MG,cristalia,3
MG,cristiano otoni,2
MG,cristina,8
MG,crucilandia,1
MG,cruzeiro da fortaleza,2
MG,cruzilia,4
MG,cuite velho,1
MG,curvelo,42
MG,datas,1
MG,delfim moreira,1
MG,delfinopolis,3
MG,descoberto,2
MG,desembargador otoni,1
MG,desterro de entre rios,1
MG,desterro do melo,1
MG,diamantina,27
MG,diogo de vasconcelos,2
MG,dionisio,2
MG,divinesia,1
MG,divino,14
MG,divino das laranjeiras,1
MG,divinolandia de minas,5
MG,divinopolis,131
MG,divisa alegre,2
MG,divisa nova,1
MG,dom cavati,1
MG,dom joaquim,1
MG,dom silverio,3
MG,dom vicoso,2
MG,dona euzebia,2
MG,dores de campos,8
MG,dores de guanhaes,1
MG,dores do indaia,7
MG,durande,2
MG,eloi mendes,10
MG,engenheiro navarro,1
MG,entre folhas,1
MG,entre rios de minas,7
MG,ervalia,7
MG,esmeraldas,14
MG,espera feliz,19
MG,espinosa,6
MG,estevao de araujo,1
MG,estiva,1
MG,estrela do indaia,2
MG,estrela do sul,1
MG,eugenopolis,5
MG,ewbank da camara,1
MG,extrema,40
MG,felicio dos santos,1
MG,felisburgo,1
MG,felixlandia,1
MG,ferros,2
MG,fervedouro,8
MG,florestal,3
MG,fonseca,1
MG,formiga,31
MG,formoso,2
MG,francisco badaro,3
MG,francisco dumont,2
MG,francisco sa,3
MG,frei gaspar,1
MG,frei inocencio,5
MG,frei lagonegro,1
MG,fronteira,6
MG,fruta de leite,2
MG,frutal,25
MG,gameleiras,3
MG,glaura,1
MG,goiabeira,2
MG,goiana,2
MG,goncalves,3
MG,gouveia,4
MG,governador valadares,139
MG,grao mogol,3
MG,grupiara,1
MG,guanhaes,18
MG,guape,1
MG,guaraciaba,2
MG,guaranesia,9
MG,guarani,6
MG,guarara,2
MG,guarda-mor,2
MG,guaxupe,36
MG,guidoval,2
MG,guimarania,4
MG,guinda,1
MG,guiricema,1
MG,iapu,4
MG,ibertioga,1
MG,ibia,8
MG,ibiai,3
MG,ibiracatu,1
MG,ibiraci,4
MG,ibirite,48
MG,icarai de minas,2
MG,igarape,10
MG,igaratinga,1
MG,iguatama,4
MG,ilicinea,1
MG,imbe de minas,2
MG,inconfidentes,2
MG,indianopolis,1
MG,ingai,1
MG,inhapim,7
MG,inhauma,2
MG,inimutaba,2
MG,ipaba,8
MG,ipanema,7
MG,ipatinga,168
MG,ipiacu,3
MG,ipuiuna,1
MG,irai de minas,2
MG,itabira,79
MG,itabirinha,1
MG,itabirito,29
MG,itacarambi,3
MG,itaguara,2
MG,itajuba,94
MG,itamarandiba,8
MG,itambacuri,6
MG,itamogi,2
MG,itamonte,10
MG,itanhandu,14
MG,itanhomi,4
MG,itaobim,6
MG,itapagipe,4
MG,itapecerica,13
MG,itapeva,5
MG,itatiaiucu,2
MG,itau de minas,5
MG,itauna,57
MG,itinga,3
MG,itueta,2
MG,ituiutaba,54
MG,iturama,15
MG,itutinga,1
MG,jaboticatubas,1
MG,jacinto,2
MG,jacui,4
MG,jacutinga,18
MG,jaiba,6
MG,jampruca,1
MG,janauba,17
MG,januaria,22
MG,japaraiba,1
MG,jeceaba,6
MG,jenipapo de minas,1
MG,jequeri,1
MG,jequitai,2
MG,jequitiba,2
MG,jequitinhonha,10
MG,jesuania,5
MG,joaima,1
MG,joao monlevade,50
MG,joao pinheiro,14
MG,jordania,5
MG,juatuba,4
MG,juiz de fora,419
MG,juruaia,6
MG,juvenilia,2
MG,ladainha,2
MG,lagoa da prata,11
MG,lagoa dos patos,1
MG,lagoa dourada,5
MG,lagoa formosa,7
MG,lagoa grande,4
MG,lagoa santa,56
MG,lajinha,3
MG,lambari,8
MG,lamim,1
MG,laranjal,1
MG,lavras,82
MG,leandro ferreira,2
MG,leopoldina,17
MG,liberdade,3
MG,lima duarte,6
MG,limeira do oeste,1
MG,luisburgo,2
MG,luizlandia do oeste,2
MG,luminarias,3
MG,luz,2
MG,machacalis,2
MG,machado,20
MG,macuco de minas,1
MG,madre de deus de minas,2
MG,major porto,1
MG,malacacheta,7
MG,mamonas,1
MG,manga,3
MG,manhuacu,64
MG,manhumirim,16
MG,mantena,11
MG,mar de espanha,9
MG,maravilhas,4
MG,maria da fe,3
MG,mariana,33
MG,marilac,1
MG,mario campos,3
MG,martinesia,1
MG,martinho campos,2
MG,martins soares,6
MG,mata verde,6
MG,materlandia,2
MG,mateus leme,9
MG,matias barbosa,13
MG,matipo,4
MG,mato verde,3
MG,matozinhos,12
MG,matutina,2
MG,medeiros,2
MG,medina,6
MG,mendes pimentel,5
MG,mendonca,1
MG,merces,4
MG,mesquita,1
MG,minas novas,4
MG,minduri,1
MG,miradouro,1
MG,mirai,9
MG,miravania,1
MG,moeda,1
MG,moema,1
MG,monsenhor paulo,1
MG,montalvania,3
MG,monte alegre de minas,4
MG,monte azul,5
MG,monte belo,5
MG,monte carmelo,24
MG,monte formoso,2
MG,monte santo de minas,9
MG,monte siao,19
MG,monte verde,2
MG,montes claros,208
MG,montezuma,2
MG,morada nova de minas,3
MG,morro da garca,1
MG,morro do ferro,1
MG,morro do pilar,1
MG,morro vermelho,1
MG,munhoz,4
MG,muriae,63
MG,mutum,8
MG,muzambinho,8
MG,nacip raydan,1
MG,nanuque,23
MG,natercia,1
MG,nazareno,2
MG,nepomuceno,9
MG,nova era,15
MG,nova lima,98
MG,nova ponte,9
MG,nova resende,1
MG,nova serrana,50
MG,novo cruzeiro,9
MG,novo oriente de minas,1
MG,olaria,1
MG,olhos d'agua,1
MG,oliveira,22
MG,orizania,1
MG,ouro branco,40
MG,ouro fino,16
MG,ouro preto,56
MG,ouro verde de minas,2
MG,padre carvalho,1
MG,padre paraiso,1
MG,paineiras,1
MG,pains,3
MG,paiva,2
MG,palma,4
MG,palmopolis,1
MG,papagaios,4
MG,para de minas,37
MG,paracatu,62
MG,paraguacu,11
MG,paraisopolis,15
MG,paraopeba,9
MG,passa quatro,10
MG,passa tempo,1
MG,passos,43
MG,patis,1
MG,patos de minas,99
MG,patrocinio,46
MG,patrocinio do muriae,2
MG,paula candido,1
MG,pavao,1
MG,pecanha,5
MG,pedra azul,5
MG,pedra do indaia,1
MG,pedra menina,1
MG,pedralva,3
MG,pedrinopolis,3
MG,pedro leopoldo,39
MG,pequi,1
MG,perdigao,7
MG,perdizes,7
MG,perdoes,9
MG,periquito,2
MG,perpetuo socorro,2
MG,pescador,1
MG,piau,2
MG,piedade de caratinga,7
MG,piedade do rio grande,3
MG,piedade dos gerais,3
MG,pimenta,2
MG,pinhotiba,1
MG,piracema,1
MG,pirajuba,1
MG,piranga,4
MG,piranguinho,9
MG,pirapetinga,7
MG,pirapora,42
MG,pirauba,3
MG,pitangui,22
MG,piumhi,3
MG,piumhii,27
MG,planura,2
MG,poco fundo,8
MG,pocoes de paineiras,1
MG,pocos de caldas,117
MG,pocrane,3
MG,pompeu,11
MG,ponte nova,38
MG,ponto do marambaia,1
MG,ponto dos volantes,2
MG,porteirinha,5
MG,porto firme,2
MG,pote,2
MG,pouso alegre,131
MG,pouso alto,3
MG,prados,3
MG,prata,10
MG,pratapolis,1
MG,presidente kubitschek,2
MG,presidente olegario,6
MG,prudente de morais,3
MG,quatituba,1
MG,queixada,1
MG,raposos,11
MG,raul soares,11
MG,ravena,1
MG,recreio,3
MG,resende costa,3
MG,resplendor,10
MG,ressaquinha,1
MG,riachinho,2
MG,riacho dos machados,3
MG,ribeirao das neves,97
MG,ribeirao vermelho,2
MG,ribeiro junqueira,1
MG,rio acima,8
MG,rio casca,5
MG,rio doce,1
MG,rio espera,1
MG,rio manso,5
MG,rio novo,4
MG,rio paranaiba,9
MG,rio pardo de minas,5
MG,rio piracicaba,4
MG,rio pomba,6
MG,rio preto,4
MG,ritapolis,3
MG,rodeiro,3
MG,romaria,2
MG,rubelita,1
MG,rubim,3
MG,sabara,42
MG,sabinopolis,5
MG,sacramento,13
MG,salinas,22
MG,salto da divisa,2
MG,santa barbara,26
MG,santa cruz de minas,5
MG,santa cruz de salinas,2
MG,santa cruz do prata,2
MG,santa fe de minas,1
MG,santa helena de minas,2
MG,santa juliana,9
MG,santa luzia,90
MG,santa margarida,2
MG,santa maria de itabira,4
MG,santa maria do salto,1
MG,santa maria do suacui,2
MG,santa rita de caldas,6
MG,santa rita de jacutinga,1
MG,santa rita de minas,3
MG,santa rita do ibitipoca,2
MG,santa rita do itueto,1
MG,santa rita do sapucai,35
MG,santa vitoria,17
MG,santana da vargem,4
MG,santana de pirapama,1
MG,santana do capivari,1
MG,santana do deserto,1
MG,santana do jacare,4
MG,santana do manhuacu,3
MG,santana do paraiso,16
MG,santana dos montes,2
MG,santo antonio do amparo,4
MG,santo antonio do aventureiro,1
MG,santo antonio do grama,2
MG,santo antonio do itambe,3
MG,santo antonio do jacinto,8
MG,santo antonio do monte,14
MG,santo antonio do rio abaixo,1
MG,santo antonio dos campos,1
MG,santo hipolito,1
MG,santos dumont,22
MG,sao benedito,1
MG,sao bento abade,1
MG,sao bras do suacui,2
MG,sao domingos,1
MG,sao domingos das dores,2
MG,sao domingos do prata,4
MG,sao felix de minas,1
MG,sao francisco,12
MG,sao francisco de paula,2
MG,sao francisco do gloria,1
MG,sao francisco do humaita,1
MG,sao geraldo,4
MG,sao geraldo da piedade,1
MG,sao geraldo do baguari,1
MG,sao goncalo do abaete,2
MG,sao goncalo do para,3
MG,sao goncalo do rio abaixo,6
MG,sao goncalo do rio das pedras,1
MG,sao goncalo do rio preto,3
MG,sao goncalo do sapucai,9
MG,sao gotardo,20
MG,sao joao batista do gloria,3
MG,sao joao da mata,2
MG,sao joao da ponte,1
MG,sao joao das missoes,2
MG,sao joao del rei,65
MG,sao joao do manhuacu,1
MG,sao joao do manteninha,3
MG,sao joao do oriente,2
MG,sao joao do paraiso,4
MG,sao joao evangelista,6
MG,sao joao nepomuceno,14
MG,sao joaquim de bicas,8
MG,sao jose da barra,5
MG,sao jose da lapa,8
MG,sao jose do divino,1
MG,sao jose do goiabal,2
MG,sao lourenco,32
MG,sao mateus de minas,1
MG,sao miguel do anta,1
MG,sao pedro da uniao,3
MG,sao pedro dos ferros,4
MG,sao romao,5
MG,sao roque de minas,2
MG,sao sebastiao do maranhao,2
MG,sao sebastiao do paraiso,34
MG,sao sebastiao do rio verde,1
MG,sao thome das letras,2
MG,sao tiago,5
MG,sao tomas de aquino,3
MG,sao vitor,1
MG,sapucai-mirim,4
MG,sapucaia,1
MG,sardoa,1
MG,sarzedo,18
MG,senador amaral,2
MG,senador cortes,1
MG,senador firmino,2
MG,senador modestino goncalves,2
MG,senhora de oliveira,2
MG,senhora dos remedios,1
MG,sericita,2
MG,serra azul de minas,2
MG,serra bonita,1
MG,serra do salitre,1
MG,serra dos aimores,5
MG,serrania,2
MG,serranopolis de minas,1
MG,serro,2
MG,sete lagoas,124
MG,setubinha,3
MG,silvano,1
MG,silveira carvalho,1
MG,silvianopolis,3
MG,simao pereira,1
MG,simonesia,8
MG,sobralia,1
MG,soledade de minas,5
MG,tabuleiro,2
MG,taiobeiras,13
MG,taparuba,1
MG,taquaracu de minas,2
MG,tarumirim,4
MG,teixeiras,6
MG,teofilo otoni,74
MG,timoteo,51
MG,tiradentes,4
MG,tiros,3
MG,tocantins,6
MG,tocos do moji,1
MG,tombos,4
MG,tres coracoes,40
MG,tres marias,13
MG,tres pontas,20
MG,tumiritinga,1
MG,tupaciguara,13
MG,tuparece,1
MG,turmalina,9
MG,turvolandia,2
MG,uba,52
MG,ubai,1
MG,ubaporanga,3
MG,uberaba,186
MG,uberlandia,367
MG,umburatiba,1
MG,unai,54
MG,uniao de minas,3
MG,uruana de minas,1
MG,urucania,1
MG,urucuia,1
MG,vargem alegre,2
MG,vargem grande do rio pardo,1
MG,varginha,88
MG,varjao de minas,2
MG,varzea da palma,11
MG,varzelandia,3
MG,vazante,6
MG,verissimo,3
MG,vermelho,1
MG,vermelho novo,1
MG,vespasiano,43
MG,vicosa,88
MG,vieiras,1
MG,vila pereira,1
MG,virgem da lapa,3
MG,virginia,1
MG,virginopolis,8
MG,virgolandia,2
MG,visconde do rio branco,18
MG,vitorinos,1
MG,volta grande,4
MS,agua clara,2
MS,alcinopolis,6
MS,amambai,6
MS,anastacio,2
MS,anaurilandia,1
MS,angelica,1
MS,anhandui,1
MS,aparecida do taboado,7
MS,aquidauana,4
MS,bandeirantes,1
MS,bataguassu,5
MS,bataipora,1
MS,bataypora,2
MS,bela vista,3
MS,bodoquena,2
MS,bonito,7
MS,brasilandia,1
MS,caarapo,4
MS,camapua,6
MS,campo grande,310
MS,caracol,1
MS,cassilandia,5
MS,chapadao do sul,13
MS,corguinho,2
MS,coronel sapucaia,1
MS,corumba,26
MS,costa rica,12
MS,coxim,11
MS,deodapolis,2
MS,dois irmaos do buriti,3
MS,dourados,64
MS,eldorado,1
MS,fatima do sul,4
MS,gloria de dourados,1
MS,guia lopes da laguna,1
MS,inocencia,1
MS,itapora,3
MS,itaquirai,2
MS,ivinhema,3
MS,jaraguari,2
MS,jardim,3
MS,juti,4
MS,ladario,5
MS,maracaju,13
MS,miranda,3
MS,mundo novo,3
MS,navirai,8
MS,nova alvorada do sul,3
MS,nova andradina,11
MS,paraiso das aguas,1
MS,paranaiba,15
MS,paranhos,1
MS,pedro gomes,1
MS,ponta pora,18
MS,porto murtinho,1
MS,prudencio thomaz,1
MS,ribas do rio pardo,1
MS,rio brilhante,11
MS,rio negro,1
MS,sanga puita,1
MS,sao gabriel do oeste,7
MS,sidrolandia,11
MS,sonora,2
MS,tacuru,1
MS,terenos,1
MS,tres lagoas,42
MS,vicentina,1
MT,agua boa,18
MT,alta floresta,12
MT,alto araguaia,5
MT,alto boa vista,5
MT,alto garcas,2
MT,alto taquari,2
MT,apiacas,1
MT,araputanga,4
MT,arenapolis,2
MT,aripuana,8
MT,barra do bugres,4
MT,barra do garcas,24
MT,bom jesus do araguaia,1
MT,caceres,25
MT,campinapolis,3
MT,campo novo do parecis,16
MT,campo verde,9
MT,campos de julio,6
MT,canarana,10
MT,carlinda,2
MT,castanheira,3
MT,chapada dos guimaraes,4
MT,claudia,4
MT,cocalinho,4
MT,colider,8
MT,colniza,3
MT,comodoro,7
MT,confresa,6
MT,conquista d'oeste,1
MT,cotriguacu,2
MT,cuiaba,245
MT,curvelandia,1
MT,denise,2
MT,diamantino,7
MT,dom aquino,3
MT,feliz natal,1
MT,figueiropolis d'oeste,2
MT,gaucha do norte,2
MT,guaranta do norte,5
MT,ipiranga do norte,1
MT,itanhanga,1
MT,itauba,5
MT,itiquira,1
MT,jaciara,3
MT,jauru,5
MT,juara,4
MT,juina,17
MT,juruena,3
MT,juscimeira,2
MT,lucas do rio verde,24
MT,matupa,7
MT,mirassol d'oeste,14
MT,nobres,1
MT,nortelandia,1
MT,nova bandeirantes,4
MT,nova canaa do norte,3
MT,nova guarita,1
MT,nova lacerda,1
MT,nova monte verde,3
MT,nova mutum,5
MT,nova olimpia,2
MT,nova ubirata,1
MT,nova xavantina,10
MT,novo mundo,1
MT,novo sao joaquim,3
MT,paranaita,4
MT,paranatinga,2
MT,pedra preta,4
MT,peixoto de azevedo,4
MT,pontes e lacerda,9
MT,porto alegre do norte,1
MT,porto dos gauchos,1
MT,porto esperidiao,2
MT,porto estrela,1
MT,poxoreu,2
MT,primavera do leste,27
MT,querencia,10
MT,reserva do cabacal,2
MT,ribeirao cascalheira,1
MT,ribeiraozinho,2
MT,rio branco,4
MT,rondonopolis,65
MT,salto do ceu,2
MT,santo antonio do leste,1
MT,santo antonio do leverger,1
MT,sao felix do araguaia,1
MT,sao jose do rio claro,2
MT,sao jose do xingu,1
MT,sao jose dos quatro marcos,2
MT,sapezal,8
MT,sinop,43
MT,sorriso,20
MT,tabapora,2
MT,tangara da serra,22
MT,tapurah,1
MT,terra nova do norte,3
MT,uniao do sul,1
MT,varzea grande,41
MT,vera,3
MT,vila bela da santissima trindade,1
MT,vila rica,3
PA,abaetetuba,11
PA,altamira,24
PA,ananindeua,86
PA,augusto correa,3
PA,aurora do para,1
PA,barcarena,6
PA,belem,428
PA,benevides,2
PA,bom jesus do tocantins,3
PA,bonito,2
PA,braganca,8
PA,brasil novo,3
PA,breu branco,3
PA,breves,1
PA,cameta,4
PA,canaa dos carajas,9
PA,capanema,4
PA,capitao poco,3
PA,carajas,4
PA,castanhal,21
PA,conceicao do araguaia,7
PA,concordia do para,3
PA,curralinho,1
PA,curuca,3
PA,dom eliseu,5
PA,floresta do araguaia,1
PA,garrafao do norte,3
PA,goianesia do para,3
PA,hidreletrica tucurui,3
PA,igarape-acu,1
PA,igarape-miri,1
PA,ipixuna do para,2
PA,itaituba,3
PA,itupiranga,1
PA,jacareacanga,1
PA,jacunda,6
PA,juruti,1
PA,mae do rio,2
PA,maraba,22
PA,marituba,15
PA,medicilandia,1
PA,mocajuba,1
PA,moju,4
PA,mojui dos campos,2
PA,monte alegre,1
PA,morada nova,1
PA,murucupi,1
PA,nova esperanca do piria,1
PA,nova ipixuna,1
PA,nova timboteua,1
PA,novo progresso,5
PA,novo repartimento,2
PA,oeiras do para,2
PA,ourem,1
PA,ourilandia do norte,5
PA,pacaja,6
PA,paragominas,18
PA,parauapebas,27
PA,pau d'arco,1
PA,picarra,1
PA,placas,2
PA,porto trombetas,2
PA,quatro bocas,5
PA,redencao,12
PA,rio maria,3
PA,rondon do para,9
PA,santa barbara do para,1
PA,santa isabel do para,6
PA,santa maria do para,2
PA,santana do araguaia,3
PA,santarem,44
PA,santo antonio do taua,1
PA,sao domingos do araguaia,1
PA,sao felix do xingu,8
PA,sao joao de pirabas,2
PA,sao miguel do guama,5
PA,sao sebastiao da boa vista,2
PA,senador jose porfirio,1
PA,tailandia,3
PA,tome-acu,1
PA,tracuateua,1
PA,tucuma,4
PA,tucurui,17
PA,ulianopolis,1
PA,uruara,6
PA,vigia,3
PA,vila dos cabanos,4
PA,viseu,1
PA,xinguara,9
PB,agua branca,2
PB,alagoa grande,1
PB,alagoa nova,1
PB,alagoinha,2
PB,alhandra,2
PB,arara,1
PB,araruna,1
PB,areia,2
PB,areial,1
PB,aroeiras,1
PB,assuncao,1
PB,bananeiras,5
PB,barra de santa rosa,2
PB,bayeux,6
PB,belem,1
PB,bonito de santa fe,1
PB,brejo do cruz,1
PB,brejo dos santos,1
PB,cabedelo,7
PB,cajazeiras,11
PB,caldas brandao,1
PB,campina grande,67
PB,catole do rocha,5
PB,conceicao,2
PB,coremas,3
PB,cubati,2
PB,cuite,3
PB,curral de cima,1
PB,desterro,1
PB,esperanca,6
PB,fagundes,1
PB,frei martinho,2
PB,guarabira,10
PB,ibiara,1
PB,imaculada,3
PB,inga,1
PB,itaporanga,2
PB,jerico,1
PB,joao pessoa,250
PB,junco do serido,2
PB,juripiranga,1
PB,juru,1
PB,lagoa,1
PB,livramento,1
PB,lucena,1
PB,mae d'agua,1
PB,mamanguape,6
PB,manaira,1
PB,mari,3
PB,montadas,1
PB,nova floresta,1
PB,passagem,1
PB,patos,16
PB,paulista,1
PB,pedra branca,1
PB,pedra lavrada,1
PB,pedras de fogo,2
PB,pianco,1
PB,picui,2
PB,pilar,1
PB,pirpirituba,1
PB,pitanga de estrada,1
PB,pitimbu,1
PB,pocinhos,3
PB,pombal,6
PB,prata,1
PB,princesa isabel,1
PB,puxinana,1
PB,queimadas,5
PB,remigio,1
PB,riacho de santo antonio,1
PB,rio tinto,2
PB,santa cecilia,1
PB,santa luzia,5
PB,santa rita,7
PB,santo andre,1
PB,sao bentinho,1
PB,sao bento,3
PB,sao francisco,1
PB,sao jose dos cordeiros,1
PB,sao mamede,1
PB,sape,1
PB,serra branca,1
PB,solanea,1
PB,soledade,3
PB,sousa,7
PB,sume,3
PB,teixeira,1
PB,triunfo,1
PB,uirauna,1
PB,varzea,1
PE,abreu e lima,11
PE,afogados da ingazeira,8
PE,afranio,2
PE,agua preta,1
PE,aguas belas,6
PE,alianca,1
PE,altinho,2
PE,amaraji,1
PE,aracoiaba,2
PE,araripina,12
PE,arcoverde,5
PE,barra de guabiraba,2
PE,barreiros,6
PE,belem do sao francisco,2
PE,belo jardim,11
PE,bezerros,10
PE,bodoco,2
PE,bom conselho,7
PE,bom jardim,2
PE,bonito,5
PE,brejo da madre de deus,4
PE,buenos aires,2
PE,buique,1
PE,cabo de santo agostinho,21
PE,cabrobo,6
PE,caetes,1
PE,calcado,1
PE,camaragibe,35
PE,camocim de sao felix,2
PE,camutanga,3
PE,canhotinho,2
PE,capoeiras,1
PE,caraiba,2
PE,carpina,10
PE,caruaru,64
PE,catende,7
PE,cha de alegria,1
PE,cha grande,1
PE,condado,4
PE,correntes,1
PE,cortes,2
PE,cumaru,2
PE,cupira,1
PE,custodia,5
PE,dormentes,2
PE,escada,10
PE,feira nova,5
PE,ferreiros,1
PE,flores,1
PE,floresta,6
PE,gameleira,4
PE,garanhuns,31
PE,gloria do goita,2
PE,goiana,9
PE,gravata,10
PE,iati,3
PE,ibimirim,3
PE,igarassu,13
PE,ilha de itamaraca,4
PE,inaja,2
PE,ipojuca,17
PE,ipubi,3
PE,itambe,4
PE,itapetim,2
PE,itapissuma,3
PE,itaquitinga,2
PE,jaboatao dos guararapes,133
PE,jaqueira,3
PE,jatauba,2
PE,jatoba,4
PE,joao alfredo,3
PE,joaquim nabuco,4
PE,jupi,2
PE,jurema,1
PE,lagoa do carro,1
PE,lagoa do ouro,2
PE,lagoa dos gatos,3
PE,lagoa grande,4
PE,lajedo,7
PE,limoeiro,7
PE,macaparana,2
PE,machados,1
PE,mirandiba,3
PE,moreilandia,2
PE,moreno,5
PE,nazare da mata,1
PE,nossa senhora do o,2
PE,olinda,93
PE,orobo,1
PE,oroco,3
PE,ouricuri,8
PE,palmares,8
PE,panelas,2
PE,parnamirim,4
PE,passira,1
PE,paudalho,2
PE,paulista,41
PE,pedra,3
PE,pesqueira,9
PE,petrolandia,9
PE,petrolina,63
PE,pocao,1
PE,pombos,1
PE,quipapa,1
PE,quixada,1
PE,recife,604
PE,riacho das almas,2
PE,ribeirao,4
PE,rio formoso,2
PE,salgueiro,17
PE,saloa,3
PE,sanharo,3
PE,santa cruz,2
PE,santa cruz do capibaribe,13
PE,santa filomena,1
PE,santa maria da boa vista,2
PE,santa terezinha,1
PE,santo antonio das queimadas,1
PE,sao benedito do sul,1
PE,sao bento do una,4
PE,sao domingos,1
PE,sao joao,1
PE,sao joaquim do monte,1
PE,sao jose da coroa grande,2
PE,sao jose do belmonte,2
PE,sao jose do egito,4
PE,sao lourenco da mata,12
PE,sao vicente ferrer,2
PE,serra talhada,10
PE,serrita,2
PE,sertania,4
PE,siriji,1
PE,sirinhaem,5
PE,surubim,5
PE,tabira,5
PE,tacaratu,2
PE,tamandare,1
PE,taquaritinga do norte,7
PE,terezinha,1
PE,terra nova,1
PE,timbauba,7
PE,toritama,5
PE,tracunhaem,2
PE,trindade,4
PE,triunfo,2
PE,tuparetama,3
PE,venturosa,2
PE,vertentes,1
PE,vicencia,2
PE,vitoria de santo antao,15
PE,xexeu,1
PI,agua branca,2
PI,alegrete do piaui,1
PI,altos,5
PI,alvorada do gurgueia,1
PI,amarante,1
PI,angical do piaui,1
PI,avelino lopes,2
PI,baixa grande do ribeiro,1
PI,barras,3
PI,bertolinia,1
PI,bocaina,1
PI,bom jesus,4
PI,buriti dos lopes,2
PI,caldeirao grande do piaui,1
PI,campo alegre do fidalgo,1
PI,campo grande do piaui,1
PI,campo maior,7
PI,canto do buriti,1
PI,castelo do piaui,2
PI,cocal,8
PI,conceicao do caninde,1
PI,corrente,4
PI,demerval lobao,1
PI,eliseu martins,4
PI,esperantina,4
PI,floriano,18
PI,francisco santos,1
PI,fronteiras,3
PI,gilbues,1
PI,guadalupe,4
PI,ilha grande,1
PI,inhuma,1
PI,isaias coelho,1
PI,itaueira,2
PI,joaquim pires,1
PI,jose de freitas,3
PI,lagoa de sao francisco,1
PI,lagoa do piaui,1
PI,luis correia,1
PI,luzilandia,3
PI,marcos parente,1
PI,matias olimpio,1
PI,nova santa rita,1
PI,novo oriente do piaui,2
PI,oeiras,6
PI,parnaiba,23
PI,paulistana,3
PI,pedro ii,2
PI,picos,18
PI,pimenteiras,2
PI,pio ix,1
PI,piracuruca,2
PI,piripiri,7
PI,redencao do gurgueia,1
PI,regeneracao,6
PI,rio grande do piaui,1
PI,santa cruz do piaui,1
PI,sao joao do piaui,6
PI,sao jose do divino,1
PI,sao jose do piaui,1
PI,sao lourenco do piaui,1
PI,sao miguel do tapuio,3
PI,sao raimundo nonato,7
PI,sebastiao leal,1
PI,simplicio mendes,1
PI,teresina,276
PI,uniao,1
PI,urucui,3
PI,valenca do piaui,4
PI,varzea grande,1
PR,abatia,3
PR,adhemar de barros,1
PR,adrianopolis,1
PR,alexandra,1
PR,almirante tamandare,35
PR,altamira do parana,2
PR,alto alegre,2
PR,alto alegre do iguacu,2
PR,alto paraiso,1
PR,alto parana,2
PR,alto piquiri,1
PR,alto sao joao,1
PR,altonia,3
PR,amapora,2
PR,ampere,9
PR,andira,10
PR,angulo,3
PR,antonina,10
PR,apucarana,51
PR,arapongas,31
PR,arapoti,9
PR,araruna,4
PR,araucaria,53
PR,areia branca dos assis,2
PR,assai,5
PR,assis chateaubriand,12
PR,astorga,6
PR,balsa nova,1
PR,bandeirantes,13
PR,barbosa ferraz,3
PR,barra do jacare,1
PR,barracao,1
PR,bela vista do paraiso,3
PR,bituruna,5
PR,boa esperanca,1
PR,boa esperanca do iguacu,1
PR,boa vista da aparecida,4
PR,bocaiuva do sul,2
PR,bom jesus do sul,1
PR,bom sucesso,1
PR,borrazopolis,2
PR,cafeara,2
PR,cafelandia,12
PR,california,2
PR,cambara,10
PR,cambe,27
PR,cambira,2
PR,campina da lagoa,2
PR,campina grande do sul,9
PR,campo bonito,1
PR,campo do tenente,1
PR,campo largo,36
PR,campo magro,1
PR,campo mourao,55
PR,candido de abreu,4
PR,candoi,1
PR,cantagalo,2
PR,capanema,9
PR,capitao leonidas marques,5
PR,carambei,3
PR,carlopolis,6
PR,cascavel,144
PR,castro,21
PR,centenario do sul,4
PR,cerro azul,4
PR,ceu azul,7
PR,chopinzinho,4
PR,cianorte,39
PR,cidade gaucha,5
PR,clevelandia,3
PR,colombo,61
PR,colonia castrolanda,3
PR,colonia jordaozinho,2
PR,colonia vitoria,5
PR,colorado,6
PR,congonhinhas,2
PR,conselheiro mairinck,1
PR,contenda,1
PR,corbelia,3
PR,cornelio procopio,23
PR,coronel domingos soares,1
PR,coronel vivida,10
PR,corumbatai do sul,1
PR,cruz machado,3
PR,cruzeiro do iguacu,1
PR,cruzeiro do oeste,7
PR,curitiba,1495
PR,curiuva,4
PR,diamante d'oeste,1
PR,diamante do norte,5
PR,doce grande,1
PR,dois vizinhos,26
PR,douradina,1
PR,doutor camargo,1
PR,doutor ulysses,1
PR,eneas marques,4
PR,engenheiro beltrao,2
PR,entre rios do oeste,3
PR,espigao alto do iguacu,2
PR,farol,1
PR,faxinal,9
PR,fazenda rio grande,28
PR,fenix,1
PR,figueira,4
PR,flor da serra do sul,2
PR,florai,2
PR,floresta,5
PR,florestopolis,3
PR,florida,1
PR,formosa do oeste,1
PR,foz do iguacu,87
PR,foz do jordao,1
PR,francisco beltrao,51
PR,general carneiro,5
PR,godoy moreira,1
PR,goioere,11
PR,grandes rios,2
PR,guaira,7
PR,guairaca,1
PR,guamiranga,1
PR,guapirama,1
PR,guaraci,2
PR,guaraniacu,4
PR,guarapuava,63
PR,guaraquecaba,1
PR,guaratuba,9
PR,ibaiti,11
PR,ibema,1
PR,ibipora,12
PR,icaraima,1
PR,iguaracu,2
PR,iguatu,1
PR,ilha dos valadares,1
PR,imbau,2
PR,imbituva,8
PR,inacio martins,5
PR,inaja,2
PR,indianopolis,4
PR,ipiranga,3
PR,ipora,2
PR,irati,22
PR,iretama,1
PR,itaguaje,2
PR,itaipulandia,6
PR,itambaraca,2
PR,itambe,1
PR,itapejara d'oeste,6
PR,itaperucu,4
PR,ivai,2
PR,ivaipora,6
PR,ivate,3
PR,jaboti,2
PR,jacarezinho,17
PR,jaguapita,1
PR,jaguariaiva,18
PR,jandaia do sul,8
PR,janiopolis,3
PR,japira,3
PR,japura,5
PR,jardim alegre,2
PR,jardim olinda,1
PR,jesuitas,4
PR,joaquim tavora,3
PR,jundiai do sul,3
PR,juranda,2
PR,jussara,1
PR,kalore,2
PR,lapa,14
PR,laranjal,1
PR,laranjeiras do sul,20
PR,leopolis,1
PR,lindoeste,2
PR,loanda,13
PR,lobato,3
PR,londrina,297
PR,luiziana,2
PR,lunardelli,2
PR,lupionopolis,2
PR,mallet,6
PR,mambore,8
PR,mandaguacu,4
PR,mandaguari,18
PR,mandirituba,2
PR,manfrinopolis,1
PR,mangueirinha,9
PR,manoel ribas,4
PR,marechal candido rondon,31
PR,marialva,16
PR,mariental,1
PR,marilandia do sul,1
PR,marilena,1
PR,mariluz,2
PR,maringa,261
PR,mariopolis,1
PR,maripa,3
PR,marmeleiro,7
PR,matelandia,2
PR,matinhos,27
PR,mato rico,1
PR,maua da serra,2
PR,medianeira,20
PR,mercedes,2
PR,missal,7
PR,moreira sales,2
PR,morretes,4
PR,munhoz de melo,4
PR,nossa senhora das gracas,2
PR,nova america da colina,1
PR,nova aurora,3
PR,nova cantu,2
PR,nova esperanca,8
PR,nova esperanca do sudoeste,1
PR,nova fatima,4
PR,nova laranjeiras,1
PR,nova londrina,9
PR,nova prata do iguacu,6
PR,nova santa barbara,1
PR,nova santa rosa,4
PR,novo itacolomi,1
PR,ortigueira,8
PR,ourizona,1
PR,ouro verde do oeste,1
PR,paicandu,9
PR,palmas,19
PR,palmeira,12
PR,palmeirinha,2
PR,palmital,1
PR,palotina,9
PR,paraiso do norte,3
PR,paranacity,3
PR,paranagua,60
PR,paranapoema,1
PR,paranavai,46
PR,pato bragado,2
PR,pato branco,53
PR,paula freitas,1
PR,paulo frontin,5
PR,peabiru,5
PR,perobal,1
PR,perola,2
PR,perola d'oeste,2
PR,perola independente,1
PR,pien,4
PR,pinhais,66
PR,pinhalao,7
PR,pinhao,8
PR,pirai do sul,6
PR,pirapo,1
PR,piraquara,14
PR,pitanga,3
PR,planaltina do parana,1
PR,planalto,4
PR,ponta grossa,140
PR,pontal do parana,8
PR,porecatu,8
PR,porto amazonas,2
PR,porto rico,1
PR,pranchita,1
PR,primeiro de maio,6
PR,prudentopolis,7
PR,quatigua,5
PR,quatro barras,18
PR,quatro pontes,1
PR,quedas do iguacu,8
PR,querencia do norte,1
PR,quinta do sol,3
PR,quitandinha,2
PR,rancho alegre,1
PR,rancho alegre d'oeste,1
PR,realeza,6
PR,reboucas,6
PR,renascenca,4
PR,reserva,3
PR,reserva do iguacu,1
PR,ribeirao claro,5
PR,ribeirao do pinhal,5
PR,rio azul,5
PR,rio bonito do iguacu,4
PR,rio branco do sul,6
PR,rio negro,14
PR,rio verde,1
PR,rolandia,27
PR,roncador,2
PR,rondon,2
PR,rosario do ivai,1
PR,sabaudia,1
PR,salgado filho,3
PR,salto do itarare,1
PR,salto do lontra,4
PR,santa amelia,1
PR,santa cecilia do pavao,1
PR,santa cruz de monte castelo,4
PR,santa fe,5
PR,santa helena,9
PR,santa isabel do ivai,3
PR,santa izabel do oeste,2
PR,santa lucia,1
PR,santa margarida,1
PR,santa mariana,4
PR,santa monica,2
PR,santa tereza do oeste,3
PR,santa terezinha de itaipu,3
PR,santana do itarare,1
PR,santo antonio da platina,12
PR,santo antonio do caiua,1
PR,santo antonio do sudoeste,3
PR,santo inacio,1
PR,sao carlos do ivai,1
PR,sao clemente,1
PR,sao joao,11
PR,sao joao do ivai,2
PR,sao joao do triunfo,3
PR,sao jorge d'oeste,1
PR,sao jorge do ivai,1
PR,sao jorge do oeste,1
PR,sao jorge do patrocinio,2
PR,sao jose da boa vista,1
PR,sao jose dos pinhais,126
PR,sao mateus do sul,15
PR,sao miguel do cambui,1
PR,sao miguel do iguacu,10
PR,sao pedro do iguacu,1
PR,sao pedro do ivai,3
PR,sao sebastiao da amoreira,1
PR,sao tome,2
PR,sapopema,2
PR,sarandi,17
PR,saudade do iguacu,4
PR,sede alvorada,1
PR,senges,5
PR,serra dos dourados,1
PR,serranopolis do iguacu,2
PR,sertanopolis,4
PR,siqueira campos,9
PR,sulina,1
PR,tamarana,2
PR,tamboara,1
PR,tapejara,2
PR,teixeira soares,1
PR,telemaco borba,34
PR,terra boa,4
PR,terra rica,7
PR,terra roxa,3
PR,tibagi,4
PR,toledo,70
PR,tomazina,3
PR,tunas do parana,2
PR,tupassi,1
PR,turvo,2
PR,ubirata,7
PR,umuarama,40
PR,uniao da vitoria,29
PR,urai,3
PR,ventania,3
PR,vera cruz do oeste,3
PR,vere,3
PR,vila nova,2
PR,vila reis,1
PR,vitoria,1
PR,vitorino,1
PR,wenceslau braz,2
PR,xambre,2
RJ,angra dos reis,83
RJ,anta,3
RJ,aperibe,12
RJ,araruama,77
RJ,areal,7
RJ,armacao dos buzios,29
RJ,arraial do cabo,28
RJ,arrozal,3
RJ,avelar,4
RJ,bacaxa,1
RJ,barao de juparana,1
RJ,barra de sao joao,12
RJ,barra do pirai,54
RJ,barra mansa,121
RJ,belford roxo,109
RJ,bemposta,1
RJ,boa esperanca,1
RJ,boa ventura,1
RJ,bom jardim,14
RJ,bom jesus do itabapoana,20
RJ,bom jesus do querendo,1
RJ,cabo frio,115
RJ,cachoeiras de macacu,21
RJ,california da barra,6
RJ,cambiasca,1
RJ,cambuci,8
RJ,campos dos goytacazes,236
RJ,cantagalo,16
RJ,carapebus,5
RJ,cardoso moreira,6
RJ,carmo,13
RJ,casimiro de abreu,20
RJ,comendador levy gasparian,7
RJ,conceicao de macabu,13
RJ,conrado,1
RJ,conservatoria,4
RJ,cordeiro,23
RJ,corrego do ouro,1
RJ,duas barras,1
RJ,duque de caxias,255
RJ,engenheiro passos,2
RJ,engenheiro paulo de frontin,6
RJ,glicerio,2
RJ,goitacazes,11
RJ,governador portela,4
RJ,guapimirim,22
RJ,ibitioca,1
RJ,iguaba grande,18
RJ,ipiabas,4
RJ,itaborai,59
RJ,itacurussa,1
RJ,itaguai,46
RJ,italva,14
RJ,itaocara,16
RJ,itaperuna,47
RJ,itatiaia,18
RJ,jaguarembe,1
RJ,jamapara,1
RJ,japeri,33
RJ,japuiba,5
RJ,laje do muriae,1
RJ,macae,235
RJ,macuco,1
RJ,mage,110
RJ,mangaratiba,12
RJ,marica,136
RJ,mendes,11
RJ,mesquita,74
RJ,miguel pereira,28
RJ,miracema,19
RJ,monnerat,2
RJ,mussurepe,1
RJ,natividade,15
RJ,nilopolis,106
RJ,niteroi,835
RJ,nova friburgo,149
RJ,nova iguacu,435
RJ,papucaia,10
RJ,paracambi,35
RJ,paraiba do sul,18
RJ,parati,13
RJ,paraty,19
RJ,passa tres,2
RJ,paty do alferes,13
RJ,penedo,1
RJ,petropolis,232
RJ,piao,1
RJ,pinheiral,14
RJ,pirai,15
RJ,porciuncula,8
RJ,portela,1
RJ,porto real,7
RJ,pureza,1
RJ,purilandia,1
RJ,quatis,5
RJ,queimados,51
RJ,quissama,13
RJ,raposo,3
RJ,resende,114
RJ,rio bonito,26
RJ,rio claro,3
RJ,rio das flores,6
RJ,rio das ostras,134
RJ,rio de janeiro,6724
RJ,sacra familia do tingua,1
RJ,santa isabel do rio preto,1
RJ,santa maria,1
RJ,santa maria madalena,7
RJ,santa rita da floresta,1
RJ,santanesia,4
RJ,santo amaro de campos,6
RJ,santo antonio de padua,30
RJ,santo eduardo,2
RJ,sao fidelis,23
RJ,sao francisco de itabapoana,15
RJ,sao goncalo,400
RJ,sao joao da barra,15
RJ,sao joao de meriti,132
RJ,sao joao do paraiso,1
RJ,sao jose de uba,3
RJ,sao jose do ribeirao,1
RJ,sao jose do turvo,3
RJ,sao jose do vale do rio preto,12
RJ,sao pedro da aldeia,46
RJ,sao sebastiao de campos,1
RJ,sao sebastiao do alto,4
RJ,sao sebastiao do paraiba,1
RJ,sapucaia,5
RJ,saquarema,45
RJ,seropedica,32
RJ,silva jardim,4
RJ,sumidouro,10
RJ,tangua,6
RJ,teresopolis,118
RJ,tocos,2
RJ,trajano de moraes,8
RJ,travessao,4
RJ,tres irmaos,1
RJ,tres rios,38
RJ,valao do barro,1
RJ,valenca,27
RJ,vargem alegre,1
RJ,varre-sai,4
RJ,vassouras,37
RJ,vila muriqui,7
RJ,visconde de maua,3
RJ,volta redonda,220
RJ,werneck,1
RN,acari,1
RN,acu,3
RN,agua nova,1
RN,alexandria,2
RN,almino afonso,1
RN,alto do rodrigues,8
RN,angicos,1
RN,antonio martins,1
RN,apodi,3
RN,areia branca,3
RN,barauna,1
RN,bodo,1
RN,caicara do norte,1
RN,caico,10
RN,caraubas,3
RN,carnauba dos dantas,1
RN,carnaubais,2
RN,ceara-mirim,2
RN,coronel joao pessoa,1
RN,currais novos,8
RN,extremoz,2
RN,florania,1
RN,francisco dantas,1
RN,frutuoso gomes,1
RN,galinhos,1
RN,goianinha,3
RN,governador dix-sept rosado,1
RN,guamare,2
RN,ielmo marinho,2
RN,ipueira,1
RN,itau,2
RN,jandaira,1
RN,janduis,1
RN,japi,1
RN,jardim de piranhas,1
RN,jardim do serido,3
RN,joao camara,2
RN,jose da penha,1
RN,jucurutu,4
RN,lagoa d'anta,1
RN,lagoa de velhos,1
RN,lagoa nova,2
RN,lagoa salgada,1
RN,macaiba,5
RN,macau,5
RN,marcelino vieira,1
RN,martins,2
RN,messias targino,1
RN,montanhas,1
RN,monte alegre,1
RN,mossoro,35
RN,natal,203
RN,nova cruz,3
RN,parelhas,4
RN,parnamirim,57
RN,patu,3
RN,pau dos ferros,9
RN,pedra preta,1
RN,pedro velho,1
RN,pendencias,2
RN,poco de pedra,1
RN,portalegre,2
RN,riacho da cruz,1
RN,rodolfo fernandes,2
RN,santa cruz,4
RN,santa maria,1
RN,santana do serido,2
RN,santo antonio,1
RN,sao fernando,1
RN,sao goncalo do amarante,7
RN,sao joao do sabugi,1
RN,sao jose de mipibu,3
RN,sao jose do campestre,1
RN,sao jose do serido,1
RN,sao miguel,4
RN,sao miguel do gostoso,2
RN,sao paulo do potengi,2
RN,sao rafael,1
RN,sao tome,1
RN,sao vicente,2
RN,serra de sao bento,2
RN,severiano melo,1
RN,sitio novo,1
RN,tenente ananias,1
RN,tibau do sul,1
RN,upanema,3
RN,vera cruz,1
RN,vicosa,1
RN,vila flor,1
RO,alta floresta d'oeste,3
RO,alto paraiso,1
RO,alvorada d'oeste,1
RO,ariquemes,13
RO,buritis,1
RO,cabixi,1
RO,cacaulandia,1
RO,cacoal,12
RO,candeias do jamari,1
RO,castanheiras,1
RO,cerejeiras,1
RO,colorado do oeste,3
RO,costa marques,2
RO,cujubim,1
RO,espigao do oeste,6
RO,extrema,4
RO,guajara-mirim,3
RO,jaru,6
RO,ji-parana,16
RO,machadinho d'oeste,3
RO,ministro andreazza,1
RO,mirante da serra,1
RO,mutum parana,1
RO,nova brasilandia d'oeste,2
RO,nova mamore,2
RO,ouro preto do oeste,4
RO,pimenta bueno,7
RO,porto velho,107
RO,presidente medici,2
RO,rolim de moura,7
RO,sao francisco do guapore,2
RO,sao miguel do guapore,4
RO,seringueiras,2
RO,urupa,3
RO,vilhena,17
RR,boa vista,43
RR,bonfim,1
RS,acegua,2
RS,agua santa,2
RS,aguas claras,1
RS,agudo,1
RS,ajuricaba,2
RS,alegrete,35
RS,alegria,1
RS,almirante tamandare do sul,1
RS,alpestre,1
RS,alto alegre,1
RS,alvorada,49
RS,ametista do sul,2
RS,andre da rocha,1
RS,anta gorda,4
RS,antonio prado,4
RS,ararica,2
RS,aratiba,1
RS,arroio do meio,9
RS,arroio do sal,7
RS,arroio do tigre,2
RS,arroio dos ratos,9
RS,arroio grande,3
RS,arvorezinha,4
RS,augusto pestana,2
RS,aurea,2
RS,bage,61
RS,balneario pinhal,7
RS,barao,1
RS,barao de cotegipe,2
RS,barao do triunfo,1
RS,barra do ribeiro,5
RS,barra do rio azul,1
RS,barracao,2
RS,barros cassal,3
RS,bento goncalves,55
RS,boa vista das missoes,1
RS,boa vista do burica,1
RS,boa vista do cadeado,1
RS,boa vista do sul,1
RS,bom principio,6
RS,bom retiro do sul,2
RS,boqueirao do leao,2
RS,bossoroca,1
RS,butia,6
RS,cacapava do sul,5
RS,cacequi,4
RS,cachoeira do sul,31
RS,cachoeirinha,71
RS,caibate,2
RS,camaqua,13
RS,cambara do sul,1
RS,campestre da serra,2
RS,campina das missoes,2
RS,campinas do sul,6
RS,campo bom,36
RS,campo novo,2
RS,campos borges,3
RS,candelaria,4
RS,candido godoi,1
RS,candiota,4
RS,canela,17
RS,cangucu,14
RS,canoas,206
RS,capao da canoa,36
RS,capao da porteira,2
RS,capao do cipo,3
RS,capao do leao,4
RS,capela de santana,2
RS,capitao,1
RS,capivari do sul,1
RS,carazinho,22
RS,carlos barbosa,19
RS,casca,7
RS,caseiros,1
RS,catuipe,4
RS,caxias do sul,223
RS,cerrito,1
RS,cerro grande,1
RS,cerro grande do sul,2
RS,cerro largo,6
RS,chapada,4
RS,charqueadas,17
RS,charrua,1
RS,chiapetta,1
RS,chui,5
RS,cidreira,5
RS,ciriaco,1
RS,colinas,1
RS,colorado,3
RS,condor,4
RS,constantina,1
RS,coqueiro baixo,2
RS,coqueiros do sul,1
RS,cotipora,1
RS,coxilha,2
RS,crissiumal,2
RS,cristal,3
RS,cruz alta,31
RS,cruzeiro do sul,4
RS,david canabarro,2
RS,dezesseis de novembro,1
RS,dois irmaos,16
RS,dom feliciano,5
RS,dom pedrito,10
RS,dona francisca,2
RS,eldorado do sul,14
RS,encantado,11
RS,encruzilhada do sul,8
RS,entre-ijuis,3
RS,erebango,1
RS,erechim,57
RS,erval grande,2
RS,esmeralda,1
RS,espumoso,7
RS,estacao,5
RS,estancia velha,19
RS,esteio,41
RS,estrela,16
RS,estrela velha,1
RS,eugenio de castro,1
RS,farroupilha,26
RS,faxinalzinho,1
RS,fazenda vilanova,2
RS,feliz,14
RS,flores da cunha,12
RS,fontoura xavier,1
RS,formigueiro,2
RS,fortaleza dos valos,1
RS,frederico westphalen,14
RS,garibaldi,9
RS,garruchos,1
RS,gaurama,3
RS,general camara,1
RS,getulio vargas,8
RS,girua,10
RS,glorinha,2
RS,gramado,30
RS,gramado dos loureiros,1
RS,gramado xavier,1
RS,gravatai,110
RS,guabiju,1
RS,guaiba,30
RS,guapore,17
RS,guarani das missoes,2
RS,herval,2
RS,herveiras,1
RS,horizontina,7
RS,hulha negra,1
RS,ibarama,1
RS,ibiaca,2
RS,ibiraiaras,1
RS,ibiruba,21
RS,igrejinha,17
RS,ijui,52
RS,ilopolis,3
RS,imbe,12
RS,imigrante,2
RS,ipe,2
RS,ipiranga,1
RS,ipiranga do sul,1
RS,irai,2
RS,itaara,1
RS,itaqui,9
RS,itatiba do sul,1
RS,ivora,1
RS,ivoti,13
RS,jacuizinho,1
RS,jacutinga,1
RS,jaguarao,7
RS,jaguari,3
RS,jaquirana,1
RS,jari,4
RS,julio de castilhos,10
RS,lagoa dos tres cantos,1
RS,lagoa vermelha,14
RS,lagoao,1
RS,lajeado,49
RS,lavras do sul,3
RS,liberato salzano,1
RS,lindolfo collor,1
RS,macambara,2
RS,machadinho,1
RS,mampituba,1
RS,manoel viana,2
RS,maquine,1
RS,marau,21
RS,mariano moro,1
RS,marques de souza,1
RS,mata,1
RS,mato leitao,2
RS,maximiliano de almeida,3
RS,minas do leao,1
RS,miraguai,1
RS,montauri,2
RS,monte alverne,1
RS,monte belo do sul,1
RS,monte bonito,1
RS,montenegro,31
RS,morro redondo,1
RS,morro reuter,3
RS,mostardas,11
RS,nao-me-toque,7
RS,nonoai,2
RS,nova alvorada,3
RS,nova araca,1
RS,nova bassano,3
RS,nova boa vista,1
RS,nova brescia,1
RS,nova esperanca do sul,2
RS,nova hartz,3
RS,nova padua,1
RS,nova palma,2
RS,nova petropolis,8
RS,nova prata,16
RS,nova roma do sul,1
RS,nova santa rita,5
RS,novo barreiro,2
RS,novo cabrais,1
RS,novo hamburgo,119
RS,novo machado,1
RS,osorio,35
RS,osvaldo kroeff,1
RS,padre gonzales,1
RS,palmares do sul,5
RS,palmeira das missoes,15
RS,palmitinho,5
RS,panambi,17
RS,pantano grande,3
RS,parai,3
RS,paraiso do sul,1
RS,pareci novo,1
RS,parobe,12
RS,passo fundo,112
RS,pedras altas,1
RS,pedro osorio,3
RS,pejucara,4
RS,pelotas,183
RS,picada cafe,1
RS,pinhal da serra,1
RS,pinheiro machado,5
RS,pinto bandeira,1
RS,piratini,1
RS,planalto,3
RS,polo petroquimico de triunfo,1
RS,pontao,1
RS,portao,10
RS,porto alegre,1352
RS,porto lucena,1
RS,porto xavier,4
RS,pouso novo,1
RS,presidente lucena,1
RS,progresso,1
RS,protasio alves,2
RS,putinga,2
RS,quarai,4
RS,quevedos,2
RS,rainha do mar,1
RS,redentora,3
RS,restinga seca,3
RS,rio dos indios,1
RS,rio grande,124
RS,rio pardo,5
RS,roca sales,2
RS,rodeio bonito,2
RS,rolante,10
RS,ronda alta,6
RS,roque gonzales,5
RS,rosario do sul,14
RS,salto do jacui,4
RS,salvador do sul,1
RS,sananduva,6
RS,santa barbara do sul,2
RS,santa clara do sul,2
RS,santa cruz do sul,62
RS,santa maria,191
RS,santa maria do herval,1
RS,santa rosa,31
RS,santa vitoria do palmar,12
RS,santana da boa vista,2
RS,santana do livramento,20
RS,santiago,25
RS,santo angelo,45
RS,santo antonio da patrulha,16
RS,santo antonio das missoes,4
RS,santo antonio do palma,2
RS,santo antonio do planalto,1
RS,santo augusto,9
RS,santo cristo,7
RS,santo expedito do sul,1
RS,sao borja,18
RS,sao francisco de assis,2
RS,sao francisco de paula,5
RS,sao gabriel,23
RS,sao jeronimo,7
RS,sao joao da urtiga,1
RS,sao jorge,1
RS,sao jose do hortencio,2
RS,sao jose do inhacora,1
RS,sao jose do norte,6
RS,sao jose do ouro,5
RS,sao leopoldo,102
RS,sao lourenco do sul,14
RS,sao luiz gonzaga,15
RS,sao marcos,9
RS,sao martinho,1
RS,sao paulo das missoes,2
RS,sao pedro do butia,1
RS,sao pedro do sul,1
RS,sao sebastiao do cai,13
RS,sao sepe,6
RS,sao valentim,3
RS,sao vendelino,2
RS,sapiranga,25
RS,sapucaia do sul,40
RS,sarandi,5
RS,seberi,2
RS,segredo,1
RS,selbach,1
RS,senador salgado filho,1
RS,serafina correa,9
RS,serio,1
RS,sertao,3
RS,sertao santana,1
RS,sete de setembro,1
RS,silveira martins,1
RS,sinimbu,2
RS,sobradinho,3
RS,soledade,5
RS,tapejara,9
RS,tapera,1
RS,tapes,6
RS,taquara,21
RS,taquari,11
RS,taquarucu do sul,1
RS,tavares,1
RS,tenente portela,3
RS,terra de areia,5
RS,teutonia,14
RS,tiradentes do sul,1
RS,toropi,3
RS,torres,16
RS,tramandai,24
RS,travesseiro,1
RS,tres arroios,3
RS,tres cachoeiras,7
RS,tres coroas,6
RS,tres de maio,12
RS,tres forquilhas,1
RS,tres passos,11
RS,trindade do sul,4
RS,triunfo,10
RS,tucunduva,3
RS,tupancireta,4
RS,tupandi,3
RS,tuparendi,2
RS,uniao da serra,1
RS,unistalda,1
RS,uruguaiana,48
RS,vacaria,21
RS,vale do sol,1
RS,vale real,3
RS,vanini,1
RS,venancio aires,26
RS,vera cruz,4
RS,veranopolis,17
RS,vespasiano correa,1
RS,viamao,72
RS,victor graeff,2
RS,vila flores,3
RS,vila langaro,3
RS,vila nova do sul,1
RS,vista alegre,1
RS,vitoria das missoes,1
RS,xangri-la,8
SC,abdon batista,1
SC,abelardo luz,6
SC,agrolandia,1
SC,agronomica,2
SC,agua doce,1
SC,aguas frias,1
SC,aguas mornas,1
SC,alfredo wagner,2
SC,anchieta,3
SC,angelina,1
SC,anita garibaldi,5
SC,anitapolis,2
SC,antonio carlos,2
SC,apiuna,5
SC,araquari,11
SC,ararangua,18
SC,armazem,1
SC,arroio trinta,1
SC,arvoredo,1
SC,ascurra,4
SC,atalanta,1
SC,aurora,2
SC,balneario arroio do silva,4
SC,balneario barra do sul,4
SC,balneario camboriu,97
SC,balneario gaivota,3
SC,balneario picarras,9
SC,balneario rincao,3
SC,barra velha,15
SC,belmonte,1
SC,benedito novo,6
SC,biguacu,24
SC,blumenau,184
SC,bom jesus,2
SC,bom retiro,1
SC,bombinhas,15
SC,botuvera,2
SC,braco do norte,18
SC,brusque,58
SC,cacador,40
SC,caibi,3
SC,calmon,1
SC,camboriu,27
SC,campo alegre,2
SC,campo ere,7
SC,campos novos,14
SC,canelinha,4
SC,canoinhas,27
SC,capinzal,10
SC,capivari de baixo,5
SC,catanduvas,6
SC,caxambu do sul,1
SC,celso ramos,2
SC,cerro negro,1
SC,chapadao do lageado,1
SC,chapeco,100
SC,cocal do sul,4
SC,concordia,48
SC,coronel freitas,1
SC,coronel martins,2
SC,correia pinto,11
SC,corupa,4
SC,criciuma,91
SC,cunha pora,5
SC,curitibanos,20
SC,dionisio cerqueira,3
SC,dona emma,1
SC,faxinal dos guedes,11
SC,florianopolis,555
SC,forquilhinha,12
SC,fragosos,1
SC,fraiburgo,14
SC,frei rogerio,1
SC,galvao,1
SC,garopaba,23
SC,garuva,5
SC,gaspar,30
SC,governador celso ramos,3
SC,grao para,3
SC,gravatal,6
SC,guabiruba,5
SC,guaraciaba,1
SC,guaramirim,13
SC,guaruja do sul,4
SC,herval d'oeste,9
SC,ibiam,4
SC,ibicare,2
SC,ibirama,13
SC,icara,21
SC,ilhota,4
SC,imbituba,34
SC,imbuia,4
SC,indaial,25
SC,iomere,1
SC,ipira,2
SC,ipora do oeste,6
SC,ipumirim,5
SC,irani,4
SC,irineopolis,4
SC,ita,3
SC,itaiopolis,8
SC,itajai,117
SC,itapema,44
SC,itapiranga,11
SC,itapoa,9
SC,ituporanga,14
SC,jabora,2
SC,jacinto machado,4
SC,jaguaruna,2
SC,jaragua do sul,86
SC,joacaba,25
SC,joinville,260
SC,jose boiteux,1
SC,lages,83
SC,laguna,14
SC,lajeado grande,1
SC,laurentino,5
SC,lauro muller,8
SC,lebon regis,1
SC,leoberto leal,1
SC,lindoia do sul,1
SC,lontras,3
SC,luiz alves,1
SC,macieira,1
SC,mafra,26
SC,major vieira,3
SC,maracana,2
SC,maravilha,9
SC,massaranduba,3
SC,meleiro,3
SC,mondai,2
SC,monte carlo,3
SC,monte castelo,1
SC,morro da fumaca,7
SC,morro grande,1
SC,navegantes,30
SC,nossa senhora de caravaggio,2
SC,nova erechim,2
SC,nova itaberaba,2
SC,nova trento,6
SC,nova veneza,3
SC,novo horizonte,1
SC,orleans,8
SC,otacilio costa,5
SC,ouro,1
SC,paial,1
SC,palhoca,94
SC,palma sola,4
SC,palmeira,3
SC,palmitos,5
SC,papanduva,8
SC,paraiso,1
SC,passo de torres,6
SC,passos maia,2
SC,paulo lopes,2
SC,penha,17
SC,peritiba,2
SC,petrolandia,5
SC,picarras,1
SC,pinhalzinho,9
SC,piratuba,6
SC,pomerode,9
SC,ponte alta do norte,1
SC,ponte serrada,3
SC,porto belo,9
SC,porto uniao,14
SC,pouso redondo,3
SC,praia grande,4
SC,presidente castello branco,1
SC,presidente getulio,6
SC,presidente nereu,1
SC,quilombo,4
SC,rancho queimado,2
SC,rio das antas,2
SC,rio do campo,4
SC,rio do oeste,3
SC,rio do sul,34
SC,rio dos cedros,1
SC,rio fortuna,3
SC,rio negrinho,13
SC,rio rufino,1
SC,riqueza,3
SC,rodeio,7
SC,romelandia,1
SC,salto veloso,4
SC,sangao,3
SC,santa cecilia,6
SC,santa cruz do timbo,1
SC,santa rosa de lima,3
SC,santa rosa do sul,1
SC,santa terezinha,1
SC,santo amaro da imperatriz,12
SC,sao bento do sul,43
SC,sao bernardino,1
SC,sao bonifacio,1
SC,sao carlos,5
SC,sao cristovao do sul,1
SC,sao domingos,2
SC,sao francisco do sul,16
SC,sao joao batista,10
SC,sao joao do itaperiu,1
SC,sao joao do sul,2
SC,sao joaquim,9
SC,sao jose,166
SC,sao jose do cedro,4
SC,sao jose do cerrito,3
SC,sao lourenco do oeste,10
SC,sao ludgero,3
SC,sao martinho,2
SC,sao miguel do oeste,39
SC,sao pedro de alcantara,2
SC,saudades,4
SC,schroeder,9
SC,seara,6
SC,sideropolis,4
SC,sombrio,11
SC,taio,14
SC,tangara,1
SC,tijucas,30
SC,timbe do sul,3
SC,timbo,20
SC,tres barras,5
SC,treviso,1
SC,treze tilias,11
SC,trombudo central,4
SC,tubarao,59
SC,tunapolis,1
SC,turvo,4
SC,uniao do oeste,1
SC,urubici,3
SC,urussanga,10
SC,vargeao,1
SC,vargem bonita,5
SC,videira,46
SC,witmarsum,3
SC,xanxere,29
SC,xavantina,2
SC,xaxim,10
SC,zortea,1
SE,aquidaba,1
SE,aracaju,218
SE,barra dos coqueiros,3
SE,boquim,1
SE,brejo grande,1
SE,campo do brito,1
SE,caninde de sao francisco,2
SE,capela,3
SE,carmopolis,2
SE,cedro de sao joao,3
SE,cristinapolis,1
SE,estancia,9
SE,general maynard,1
SE,graccho cardoso,1
SE,indiaroba,1
SE,itabaiana,16
SE,itabaianinha,2
SE,itabi,1
SE,itaporanga d'ajuda,1
SE,japaratuba,1
SE,japoata,1
SE,lagarto,11
SE,macambira,1
SE,malhador,1
SE,monte alegre de sergipe,1
SE,neopolis,1
SE,nossa senhora da gloria,2
SE,nossa senhora das dores,1
SE,nossa senhora de lourdes,1
SE,nossa senhora do socorro,14
SE,pinhao,1
SE,pirambu,1
SE,poco redondo,1
SE,poco verde,4
SE,propria,4
SE,riachuelo,1
SE,ribeiropolis,1
SE,santo amaro das brotas,1
SE,sao cristovao,7
SE,sao francisco,3
SE,sao miguel do aleixo,1
SE,simao dias,7
SE,telha,1
SE,tobias barreto,2
SE,tomar do geru,2
SE,umbauba,3
SP,adamantina,36
SP,adolfo,5
SP,agisse,1
SP,aguai,10
SP,aguas da prata,10
SP,aguas de lindoia,22
SP,aguas de santa barbara,2
SP,aguas de sao pedro,2
SP,agudos,16
SP,ajapi,1
SP,alambari,3
SP,alfredo marcondes,1
SP,altinopolis,4
SP,aluminio,13
SP,alvares florence,2
SP,alvares machado,8
SP,alvaro de carvalho,2
SP,americana,218
SP,americo brasiliense,17
SP,americo de campos,1
SP,amparo,65
SP,analandia,4
SP,andradina,43
SP,angatuba,8
SP,anhembi,1
SP,anhumas,1
SP,aparecida,23
SP,aparecida d'oeste,1
SP,aparecida de monte alto,1
SP,aparecida de sao manuel,1
SP,apiai,6
SP,aracariguama,10
SP,aracatuba,138
SP,aracoiaba da serra,10
SP,aramina,1
SP,arandu,3
SP,arapei,2
SP,araraquara,151
SP,araras,93
SP,arealva,4
SP,areias,3
SP,areiopolis,3
SP,ariranha,5
SP,artur nogueira,41
SP,aruja,68
SP,assis,83
SP,atibaia,154
SP,auriflama,10
SP,avai,1
SP,avanhandava,7
SP,avare,63
SP,bady bassitt,6
SP,balbinos,1
SP,balsamo,6
SP,bananal,6
SP,bandeirantes d'oeste,1
SP,barao ataliba nogueira,1
SP,bariri,15
SP,barra bonita,29
SP,barra do turvo,3
SP,barretos,71
SP,barrinha,19
SP,barueri,423
SP,bastos,17
SP,batatais,28
SP,bauru,265
SP,bebedouro,51
SP,bento de abreu,2
SP,bernardino de campos,4
SP,bertioga,48
SP,bilac,8
SP,birigui,74
SP,biritiba-mirim,10
SP,boa esperanca do sul,11
SP,bocaina,6
SP,bofete,6
SP,boituva,49
SP,bom jesus dos perdoes,17
SP,bonfim paulista,18
SP,bora,1
SP,boraceia,1
SP,borborema,9
SP,botelho,1
SP,botucatu,99
SP,braganca paulista,143
SP,brauna,5
SP,brodowski,9
SP,brotas,12
SP,buri,10
SP,buritama,9
SP,buritizal,2
SP,cabralia paulista,4
SP,cabreuva,6
SP,cacapava,73
SP,cachoeira paulista,25
SP,caconde,9
SP,cafelandia,8
SP,caieiras,100
SP,caiua,2
SP,cajamar,98
SP,cajati,16
SP,cajobi,7
SP,cajuru,9
SP,campina do monte alegre,2
SP,campinas,1414
SP,campo limpo paulista,47
SP,campos do jordao,26
SP,cananeia,8
SP,candido mota,15
SP,candido rodrigues,4
SP,canitar,2
SP,capao bonito,27
SP,capela do alto,3
SP,capivari,34
SP,caraguatatuba,88
SP,carapicuiba,319
SP,cardoso,6
SP,casa branca,13
SP,cassia dos coqueiros,1
SP,castilho,10
SP,catanduva,75
SP,catigua,6
SP,cedral,5
SP,cerqueira cesar,18
SP,cerquilho,30
SP,cesario lange,13
SP,charqueada,10
SP,chavantes,12
SP,cipo-guacu,1
SP,clementina,4
SP,colina,9
SP,colombia,5
SP,conchal,19
SP,conchas,10
SP,cordeiropolis,16
SP,coroados,2
SP,coronel macedo,2
SP,corumbatai,2
SP,cosmopolis,51
SP,cosmorama,6
SP,cotia,246
SP,cravinhos,23
SP,cristais paulista,4
SP,cruzalia,3
SP,cruzeiro,55
SP,cubatao,79
SP,cunha,14
SP,descalvado,13
SP,diadema,278
SP,divinolandia,7
SP,dobrada,2
SP,dois corregos,11
SP,dourado,8
SP,dracena,27
SP,duartina,10
SP,dumont,4
SP,echapora,2
SP,eldorado,6
SP,elias fausto,5
SP,elisiario,1
SP,embauba,1
SP,embu,10
SP,embu das artes,162
SP,embu-guacu,46
SP,emilianopolis,2
SP,engenheiro balduino,1
SP,engenheiro coelho,13
SP,espigao,2
SP,espirito santo do pinhal,18
SP,espirito santo do turvo,1
SP,estiva gerbi,7
SP,estrela d oeste,1
SP,estrela d'oeste,1
SP,estrela do norte,3
SP,euclides da cunha paulista,2
SP,fartura,10
SP,fernando prestes,6
SP,fernandopolis,53
SP,fernao,1
SP,ferraz de vasconcelos,108
SP,flora rica,1
SP,floreal,2
SP,florida paulista,4
SP,florinia,1
SP,franca,156
SP,francisco morato,97
SP,franco da rocha,106
SP,gabriel monteiro,1
SP,galia,1
SP,garca,28
SP,gastao vidigal,3
SP,gaviao peixoto,2
SP,general salgado,6
SP,getulina,2
SP,glicerio,2
SP,guaicara,8
SP,guaira,36
SP,guapiacu,6
SP,guapiara,3
SP,guara,8
SP,guaracai,5
SP,guaraci,2
SP,guaranta,5
SP,guarapua,1
SP,guararapes,19
SP,guararema,11
SP,guaratingueta,93
SP,guarei,5
SP,guariba,14
SP,guariroba,2
SP,guaruja,222
SP,guarulhos,1162
SP,guatapara,1
SP,guzolandia,1
SP,herculandia,3
SP,holambra,23
SP,holambra ii,5
SP,hortolandia,143
SP,iacanga,6
SP,iacri,2
SP,iaras,1
SP,ibate,13
SP,ibira,7
SP,ibirarema,5
SP,ibitinga,22
SP,ibitiuva,1
SP,ibiuna,31
SP,icem,9
SP,iepe,5
SP,igaracu do tiete,4
SP,igarapava,6
SP,igarata,5
SP,iguape,14
SP,ilha comprida,3
SP,ilha solteira,23
SP,ilhabela,43
SP,indaiatuba,277
SP,indiana,3
SP,indiapora,3
SP,inubia paulista,3
SP,ipaussu,7
SP,ipero,18
SP,ipigua,2
SP,ipua,4
SP,iracemapolis,18
SP,irape,2
SP,irapua,4
SP,irapuru,6
SP,itabera,7
SP,itai,10
SP,itajobi,9
SP,itaju,3
SP,itanhaem,79
SP,itaoca,1
SP,itapecerica da serra,95
SP,itapetininga,76
SP,itapeva,51
SP,itapevi,168
SP,itapira,54
SP,itapirapua paulista,2
SP,itapolis,28
SP,itaporanga,12
SP,itapui,7
SP,itapura,6
SP,itaquaquecetuba,168
SP,itarare,27
SP,itariri,6
SP,itatiba,96
SP,itatinga,4
SP,itirapina,2
SP,itobi,7
SP,itu,134
SP,itupeva,44
SP,ituverava,28
SP,jaborandi,3
SP,jaboticabal,53
SP,jacare,8
SP,jacarei,191
SP,jaci,2
SP,jacupiranga,5
SP,jaguariuna,61
SP,jales,29
SP,jamaica,1
SP,jambeiro,3
SP,jandira,83
SP,jardinopolis,13
SP,jarinu,19
SP,jau,73
SP,jeriquara,1
SP,joanopolis,6
SP,joao ramalho,3
SP,jose bonifacio,12
SP,julio mesquita,2
SP,jumirim,3
SP,jundiai,548
SP,junqueiropolis,15
SP,juquia,9
SP,juquitiba,21
SP,lagoinha,3
SP,laranjal paulista,17
SP,lavinia,4
SP,lavrinhas,1
SP,leme,50
SP,lencois paulista,42
SP,limeira,187
SP,lindoia,8
SP,lins,51
SP,lorena,83
SP,lourdes,2
SP,louveira,44
SP,lucelia,12
SP,lucianopolis,2
SP,luis antonio,7
SP,luiziania,3
SP,lupercio,3
SP,lutecia,1
SP,macatuba,12
SP,macaubal,1
SP,macedonia,4
SP,magda,2
SP,mairinque,24
SP,mairipora,75
SP,manduri,3
SP,maracai,7
SP,mariapolis,2
SP,marilia,190
SP,marinopolis,2
SP,maristela,4
SP,martinopolis,8
SP,matao,51
SP,maua,316
SP,mendonca,4
SP,meridiano,1
SP,miguelopolis,14
SP,mineiros do tiete,3
SP,mira estrela,1
SP,miracatu,5
SP,mirandopolis,12
SP,mirante do paranapanema,3
SP,mirassol,29
SP,mococa,34
SP,mogi das cruzes,378
SP,mogi mirim,75
SP,mogi-guacu,89
SP,mogi-mirim,2
SP,mombuca,3
SP,moncoes,2
SP,mongagua,42
SP,monte alegre do sul,6
SP,monte alto,33
SP,monte aprazivel,10
SP,monte azul paulista,18
SP,monte castelo,1
SP,monte mor,37
SP,morro agudo,10
SP,morungaba,7
SP,motuca,3
SP,murutinga do sul,2
SP,nantes,1
SP,narandiba,2
SP,natividade da serra,1
SP,nazare paulista,7
SP,neves paulista,3
SP,nhandeara,8
SP,nipoa,2
SP,nossa senhora do remedio,2
SP,nova campina,2
SP,nova canaa paulista,2
SP,nova europa,8
SP,nova granada,19
SP,nova guataporanga,1
SP,nova independencia,1
SP,nova luzitania,1
SP,nova odessa,38
SP,novais,1
SP,novo horizonte,17
SP,nuporanga,3
SP,ocaucu,5
SP,oleo,1
SP,olimpia,36
SP,onda verde,1
SP,oriente,3
SP,orindiuva,5
SP,orlandia,27
SP,osasco,737
SP,oscar bressane,3
SP,osvaldo cruz,16
SP,ourinhos,77
SP,ouro verde,3
SP,ouroeste,11
SP,pacaembu,6
SP,palestina,10
SP,palmares paulista,1
SP,palmeira d oeste,1
SP,palmeira d'oeste,5
SP,palmital,18
SP,panorama,5
SP,paraguacu paulista,20
SP,paraibuna,10
SP,paraiso,5
SP,paranapanema,11
SP,paranapua,2
SP,parapua,8
SP,pardinho,1
SP,pariquera-acu,14
SP,parisi,1
SP,patrocinio paulista,2
SP,pauliceia,3
SP,paulinia,127
SP,paulistania,1
SP,paulo de faria,5
SP,pederneiras,21
SP,pedra bela,3
SP,pedranopolis,1
SP,pedregulho,2
SP,pedreira,35
SP,pedrinhas paulista,4
SP,pedro de toledo,9
SP,penapolis,37
SP,pereira barreto,17
SP,pereiras,1
SP,peruibe,44
SP,piacatu,1
SP,piedade,23
SP,pilar do sul,12
SP,pindamonhangaba,99
SP,pindorama,2
SP,pinhalzinho,12
SP,pinheiros,1
SP,piquerobi,1
SP,piquete,9
SP,piracaia,22
SP,piracicaba,362
SP,piraju,18
SP,pirajui,12
SP,pirangi,8
SP,pirapora do bom jesus,15
SP,pirapozinho,14
SP,pirassununga,67
SP,piratininga,9
SP,pitangueiras,16
SP,planalto,1
SP,poa,85
SP,poloni,3
SP,pompeia,17
SP,pongai,4
SP,pontal,12
SP,pontalinda,2
SP,pontes gestal,1
SP,populina,1
SP,porangaba,2
SP,porto feliz,22
SP,porto ferreira,26
SP,potim,2
SP,potirendaba,8
SP,pradopolis,10
SP,praia grande,302
SP,presidente alves,2
SP,presidente bernardes,6
SP,presidente epitacio,22
SP,presidente prudente,157
SP,presidente venceslau,25
SP,primavera,9
SP,promissao,32
SP,quadra,3
SP,quata,12
SP,queiroz,1
SP,queluz,2
SP,quintana,4
SP,rafard,5
SP,rancharia,22
SP,rechan,2
SP,redencao da serra,1
SP,regente feijo,10
SP,reginopolis,3
SP,registro,45
SP,ribeira,3
SP,ribeirao bonito,7
SP,ribeirao branco,2
SP,ribeirao do sul,3
SP,ribeirao pires,104
SP,ribeirao preto,504
SP,rifaina,1
SP,rincao,1
SP,rinopolis,3
SP,rio claro,151
SP,rio das pedras,11
SP,rio grande da serra,25
SP,riolandia,3
SP,riversul,1
SP,rosana,4
SP,roseira,5
SP,rubiacea,2
SP,rubineia,1
SP,sabino,3
SP,sales,5
SP,sales oliveira,6
SP,salesopolis,10
SP,salmourao,2
SP,saltinho,5
SP,salto,92
SP,salto de pirapora,13
SP,salto grande,1
SP,santa adelia,15
SP,santa albertina,7
SP,santa barbara d oeste,4
SP,santa barbara d'oeste,118
SP,santa branca,9
SP,santa clara d'oeste,1
SP,santa cruz da conceicao,4
SP,santa cruz das palmeiras,9
SP,santa cruz do rio pardo,34
SP,santa ernestina,2
SP,santa fe do sul,35
SP,santa gertrudes,11
SP,santa isabel,29
SP,santa lucia,3
SP,santa maria da serra,2
SP,santa mercedes,2
SP,santa rita d'oeste,2
SP,santa rita do passa quatro,18
SP,santa rosa de viterbo,14
SP,santa salete,1
SP,santana de parnaiba,181
SP,santo anastacio,17
SP,santo andre,781
SP,santo antonio da alegria,3
SP,santo antonio de posse,20
SP,santo antonio do aracangua,1
SP,santo antonio do jardim,5
SP,santo antonio do pinhal,2
SP,santo expedito,1
SP,santos,700
SP,sao bento do sapucai,7
SP,sao bernardo do campo,909
SP,sao caetano do sul,272
SP,sao carlos,232
SP,sao francisco,2
SP,sao joao da boa vista,79
SP,sao joao de iracema,3
SP,sao joaquim da barra,33
SP,sao jose da bela vista,3
SP,sao jose do barreiro,3
SP,sao jose do rio pardo,44
SP,sao jose do rio preto,331
SP,sao jose dos campos,675
SP,sao lourenco da serra,11
SP,sao luis do paraitinga,3
SP,sao manuel,20
SP,sao miguel arcanjo,13
SP,sao paulo,15155
SP,sao pedro,12
SP,sao pedro do turvo,2
SP,sao roque,78
SP,sao sebastiao,59
SP,sao sebastiao da grama,4
SP,sao sebastiao da serra,1
SP,sao simao,10
SP,sao vicente,159
SP,sarapui,2
SP,sarutaia,1
SP,serra azul,1
SP,serra negra,14
SP,serrana,13
SP,sertaozinho,61
SP,sete barras,4
SP,severinia,5
SP,silveiras,3
SP,socorro,17
SP,sorocaba,617
SP,sud mennucci,5
SP,sumare,180
SP,suzanapolis,1
SP,suzano,230
SP,tabapua,12
SP,tabatinga,5
SP,taboao da serra,287
SP,taciba,2
SP,taguai,10
SP,taiacu,1
SP,taiuva,5
SP,tambau,19
SP,tanabi,11
SP,tapinas,1
SP,tapirai,2
SP,tapiratiba,11
SP,taquaritinga,33
SP,taquarituba,15
SP,taquarivai,3
SP,tarabai,4
SP,taruma,9
SP,tatui,71
SP,taubate,265
SP,tecainda,1
SP,tejupa,3
SP,teodoro sampaio,12
SP,termas de ibira,1
SP,terra roxa,3
SP,tiete,36
SP,timburi,3
SP,torrinha,6
SP,trabiju,1
SP,tremembe,38
SP,tres fronteiras,4
SP,tuiuti,1
SP,tupa,50
SP,tupi paulista,6
SP,turmalina,1
SP,ubatuba,74
SP,ubirajara,1
SP,uchoa,3
SP,urania,4
SP,urupes,10
SP,valentim gentil,3
SP,valinhos,181
SP,valparaiso,8
SP,vargem,2
SP,vargem grande do sul,13
SP,vargem grande paulista,44
SP,varzea paulista,77
SP,venda branca,1
SP,vera cruz,10
SP,vinhedo,94
SP,viradouro,18
SP,vista alegre do alto,3
SP,votorantim,84
SP,votuporanga,63
SP,zacarias,2
TO,alianca do tocantins,2
TO,almas,1
TO,alvorada,6
TO,ananas,1
TO,aparecida do rio negro,1
TO,araguacu,1
TO,araguaina,40
TO,araguatins,5
TO,arapoema,1
TO,arraias,2
TO,augustinopolis,1
TO,bandeirantes do tocantins,2
TO,barrolandia,2
TO,buriti do tocantins,1
TO,cariri do tocantins,2
TO,carmolandia,1
TO,centenario,1
TO,colinas do tocantins,3
TO,colmeia,2
TO,combinado,1
TO,conceicao do tocantins,3
TO,couto de magalhaes,2
TO,cristalandia,3
TO,dianopolis,7
TO,divinopolis do tocantins,1
TO,duere,1
TO,esperantina,1
TO,fatima,1
TO,formoso do araguaia,4
TO,goianorte,2
TO,guarai,4
TO,gurupi,23
TO,lagoa da confusao,5
TO,lajeado,1
TO,miranorte,2
TO,natividade,1
TO,nova olinda,1
TO,novo jardim,1
TO,palmas,89
TO,paraiso do tocantins,10
TO,parana,2
TO,pedro afonso,3
TO,peixe,1
TO,pequizeiro,1
TO,pindorama do tocantins,2
TO,pium,1
TO,porto nacional,8
TO,praia norte,1
TO,pugmil,1
TO,sandolandia,1
TO,silvanopolis,1
TO,sitio novo do tocantins,2
TO,taguatinga,3
TO,tocantinopolis,7
TO,xambioa,3
